/*
Navicat MySQL Data Transfer

Source Server         : 本地连接
Source Server Version : 50505
Source Host           : localhost:3306
Source Database       : daizhe

Target Server Type    : MYSQL
Target Server Version : 50505
File Encoding         : 65001

Date: 2016-09-29 10:44:50
*/

SET FOREIGN_KEY_CHECKS=0;

-- ----------------------------
-- Table structure for experience
-- ----------------------------
DROP TABLE IF EXISTS `experience`;
CREATE TABLE `experience` (
  `expId` int(11) NOT NULL AUTO_INCREMENT,
  `type` varchar(20) NOT NULL,
  `style` varchar(20) NOT NULL,
  `title` varchar(255) NOT NULL,
  `status` varchar(20) NOT NULL,
  `number` int(20) NOT NULL,
  `image` varchar(255) DEFAULT NULL,
  PRIMARY KEY (`expId`)
) ENGINE=InnoDB AUTO_INCREMENT=141 DEFAULT CHARSET=utf8;

-- ----------------------------
-- Records of experience
-- ----------------------------
INSERT INTO `experience` VALUES ('1', 'tri-free', '【慢旅】', '围炉夜话 尽享莫干——唯乐山居暖冬体验', '评选中', '37', '1.jpg');
INSERT INTO `experience` VALUES ('2', 'tri-buy', '【偷闲】', '待着·喝茶——平凡生活中的仪式感', '', '0', '3.jpg');
INSERT INTO `experience` VALUES ('3', 'tri-free', '【慢旅】', '围炉夜话 尽享莫干——唯乐山居暖冬体验', '评选中', '37', '4.jpg');
INSERT INTO `experience` VALUES ('4', 'tri-free', '【偷闲】', '我有一瓶酒换你尘封的记忆', '体验完成', '53', '5.jpg');
INSERT INTO `experience` VALUES ('5', 'tri-buy', '【偷闲】', '优美的高于生活——艺术节纪念T恤&帆布袋', '', '8', '6.jpg');
INSERT INTO `experience` VALUES ('6', 'tri-free', '【偷闲】', '	【私人定制表情】JESS的好朋友碧翠絲', '体验完成', '28', '7.jpg');
INSERT INTO `experience` VALUES ('7', 'tri-free', '【慢旅】', '体验绝美的太湖山水生活——太湖花床度假民宿', '体验完成', '50', '8.jpg');
INSERT INTO `experience` VALUES ('8', 'tri-free', '【偷闲】', '	记录好时光——只想为你拍组照片', '评选中', '7', '9.jpg');
INSERT INTO `experience` VALUES ('9', 'tri-free', '【慢旅】', '	离城市不远，靠自然很近——山舍龙井之约', '体验完成', '221', '10.jpg');
INSERT INTO `experience` VALUES ('10', 'tri-free', '【偷闲】', '	禾田书房一日店员|第四期', '体验完成', '7', '6.jpg');
INSERT INTO `experience` VALUES ('11', 'tri-free', '【慢旅】', '围炉夜话 尽享莫干——唯乐山居暖冬体验', '评选中', '37', '1.jpg');
INSERT INTO `experience` VALUES ('12', 'tri-buy', '【偷闲】', '待着·喝茶——平凡生活中的仪式感', '', '0', '3.jpg');
INSERT INTO `experience` VALUES ('13', 'tri-free', '【慢旅】', '围炉夜话 尽享莫干——唯乐山居暖冬体验', '评选中', '37', '4.jpg');
INSERT INTO `experience` VALUES ('14', 'tri-free', '【偷闲】', '我有一瓶酒换你尘封的记忆', '体验完成', '53', '5.jpg');
INSERT INTO `experience` VALUES ('15', 'tri-buy', '【偷闲】', '优美的高于生活——艺术节纪念T恤&帆布袋', '', '8', '6.jpg');
INSERT INTO `experience` VALUES ('16', 'tri-free', '【偷闲】', '	【私人定制表情】JESS的好朋友碧翠絲', '体验完成', '28', '7.jpg');
INSERT INTO `experience` VALUES ('17', 'tri-free', '【慢旅】', '体验绝美的太湖山水生活——太湖花床度假民宿', '体验完成', '50', '8.jpg');
INSERT INTO `experience` VALUES ('18', 'tri-free', '【偷闲】', '	记录好时光——只想为你拍组照片', '评选中', '7', '9.jpg');
INSERT INTO `experience` VALUES ('19', 'tri-free', '【慢旅】', '	离城市不远，靠自然很近——山舍龙井之约', '体验完成', '221', '10.jpg');
INSERT INTO `experience` VALUES ('20', 'tri-free', '【偷闲】', '	禾田书房一日店员|第四期', '体验完成', '7', '6.jpg');
INSERT INTO `experience` VALUES ('21', 'tri-free', '【慢旅】', '围炉夜话 尽享莫干——唯乐山居暖冬体验', '评选中', '37', '1.jpg');
INSERT INTO `experience` VALUES ('22', 'tri-buy', '【偷闲】', '待着·喝茶——平凡生活中的仪式感', '', '0', '3.jpg');
INSERT INTO `experience` VALUES ('23', 'tri-free', '【慢旅】', '围炉夜话 尽享莫干——唯乐山居暖冬体验', '评选中', '37', '4.jpg');
INSERT INTO `experience` VALUES ('24', 'tri-free', '【偷闲】', '我有一瓶酒换你尘封的记忆', '体验完成', '53', '5.jpg');
INSERT INTO `experience` VALUES ('25', 'tri-buy', '【偷闲】', '优美的高于生活——艺术节纪念T恤&帆布袋', '', '8', '6.jpg');
INSERT INTO `experience` VALUES ('26', 'tri-free', '【偷闲】', '	【私人定制表情】JESS的好朋友碧翠絲', '体验完成', '28', '7.jpg');
INSERT INTO `experience` VALUES ('27', 'tri-free', '【慢旅】', '体验绝美的太湖山水生活——太湖花床度假民宿', '体验完成', '50', '8.jpg');
INSERT INTO `experience` VALUES ('28', 'tri-free', '【偷闲】', '	记录好时光——只想为你拍组照片', '评选中', '7', '9.jpg');
INSERT INTO `experience` VALUES ('29', 'tri-free', '【慢旅】', '	离城市不远，靠自然很近——山舍龙井之约', '体验完成', '221', '10.jpg');
INSERT INTO `experience` VALUES ('30', 'tri-free', '【偷闲】', '	禾田书房一日店员|第四期', '体验完成', '7', '6.jpg');
INSERT INTO `experience` VALUES ('31', 'tri-free', '【慢旅】', '围炉夜话 尽享莫干——唯乐山居暖冬体验', '评选中', '37', '1.jpg');
INSERT INTO `experience` VALUES ('32', 'tri-buy', '【偷闲】', '待着·喝茶——平凡生活中的仪式感', '', '0', '3.jpg');
INSERT INTO `experience` VALUES ('33', 'tri-free', '【慢旅】', '围炉夜话 尽享莫干——唯乐山居暖冬体验', '评选中', '37', '4.jpg');
INSERT INTO `experience` VALUES ('34', 'tri-free', '【偷闲】', '我有一瓶酒换你尘封的记忆', '体验完成', '53', '5.jpg');
INSERT INTO `experience` VALUES ('35', 'tri-buy', '【偷闲】', '优美的高于生活——艺术节纪念T恤&帆布袋', '', '8', '6.jpg');
INSERT INTO `experience` VALUES ('36', 'tri-free', '【偷闲】', '	【私人定制表情】JESS的好朋友碧翠絲', '体验完成', '28', '7.jpg');
INSERT INTO `experience` VALUES ('37', 'tri-free', '【慢旅】', '体验绝美的太湖山水生活——太湖花床度假民宿', '体验完成', '50', '8.jpg');
INSERT INTO `experience` VALUES ('38', 'tri-free', '【偷闲】', '	记录好时光——只想为你拍组照片', '评选中', '7', '9.jpg');
INSERT INTO `experience` VALUES ('39', 'tri-free', '【慢旅】', '	离城市不远，靠自然很近——山舍龙井之约', '体验完成', '221', '10.jpg');
INSERT INTO `experience` VALUES ('40', 'tri-free', '【偷闲】', '	禾田书房一日店员|第四期', '体验完成', '7', '6.jpg');
INSERT INTO `experience` VALUES ('41', 'tri-free', '【慢旅】', '围炉夜话 尽享莫干——唯乐山居暖冬体验', '评选中', '37', '1.jpg');
INSERT INTO `experience` VALUES ('42', 'tri-buy', '【偷闲】', '待着·喝茶——平凡生活中的仪式感', '', '0', '3.jpg');
INSERT INTO `experience` VALUES ('43', 'tri-free', '【慢旅】', '围炉夜话 尽享莫干——唯乐山居暖冬体验', '评选中', '37', '4.jpg');
INSERT INTO `experience` VALUES ('44', 'tri-free', '【偷闲】', '我有一瓶酒换你尘封的记忆', '体验完成', '53', '5.jpg');
INSERT INTO `experience` VALUES ('45', 'tri-buy', '【偷闲】', '优美的高于生活——艺术节纪念T恤&帆布袋', '', '8', '6.jpg');
INSERT INTO `experience` VALUES ('46', 'tri-free', '【偷闲】', '	【私人定制表情】JESS的好朋友碧翠絲', '体验完成', '28', '7.jpg');
INSERT INTO `experience` VALUES ('47', 'tri-free', '【慢旅】', '体验绝美的太湖山水生活——太湖花床度假民宿', '体验完成', '50', '8.jpg');
INSERT INTO `experience` VALUES ('48', 'tri-free', '【偷闲】', '	记录好时光——只想为你拍组照片', '评选中', '7', '9.jpg');
INSERT INTO `experience` VALUES ('49', 'tri-free', '【慢旅】', '	离城市不远，靠自然很近——山舍龙井之约', '体验完成', '221', '10.jpg');
INSERT INTO `experience` VALUES ('50', 'tri-free', '【偷闲】', '	禾田书房一日店员|第四期', '体验完成', '7', '6.jpg');
INSERT INTO `experience` VALUES ('51', 'tri-free', '【慢旅】', '围炉夜话 尽享莫干——唯乐山居暖冬体验', '评选中', '37', '1.jpg');
INSERT INTO `experience` VALUES ('52', 'tri-buy', '【偷闲】', '待着·喝茶——平凡生活中的仪式感', '', '0', '3.jpg');
INSERT INTO `experience` VALUES ('53', 'tri-free', '【慢旅】', '围炉夜话 尽享莫干——唯乐山居暖冬体验', '评选中', '37', '4.jpg');
INSERT INTO `experience` VALUES ('54', 'tri-free', '【偷闲】', '我有一瓶酒换你尘封的记忆', '体验完成', '53', '5.jpg');
INSERT INTO `experience` VALUES ('55', 'tri-buy', '【偷闲】', '优美的高于生活——艺术节纪念T恤&帆布袋', '', '8', '6.jpg');
INSERT INTO `experience` VALUES ('56', 'tri-free', '【偷闲】', '	【私人定制表情】JESS的好朋友碧翠絲', '体验完成', '28', '7.jpg');
INSERT INTO `experience` VALUES ('57', 'tri-free', '【慢旅】', '体验绝美的太湖山水生活——太湖花床度假民宿', '体验完成', '50', '8.jpg');
INSERT INTO `experience` VALUES ('58', 'tri-free', '【偷闲】', '	记录好时光——只想为你拍组照片', '评选中', '7', '9.jpg');
INSERT INTO `experience` VALUES ('59', 'tri-free', '【慢旅】', '	离城市不远，靠自然很近——山舍龙井之约', '体验完成', '221', '10.jpg');
INSERT INTO `experience` VALUES ('60', 'tri-free', '【偷闲】', '	禾田书房一日店员|第四期', '体验完成', '7', '6.jpg');
INSERT INTO `experience` VALUES ('61', 'tri-free', '【慢旅】', '围炉夜话 尽享莫干——唯乐山居暖冬体验', '评选中', '37', '1.jpg');
INSERT INTO `experience` VALUES ('62', 'tri-buy', '【偷闲】', '待着·喝茶——平凡生活中的仪式感', '', '0', '3.jpg');
INSERT INTO `experience` VALUES ('63', 'tri-free', '【慢旅】', '围炉夜话 尽享莫干——唯乐山居暖冬体验', '评选中', '37', '4.jpg');
INSERT INTO `experience` VALUES ('64', 'tri-free', '【偷闲】', '我有一瓶酒换你尘封的记忆', '体验完成', '53', '5.jpg');
INSERT INTO `experience` VALUES ('65', 'tri-buy', '【偷闲】', '优美的高于生活——艺术节纪念T恤&帆布袋', '', '8', '6.jpg');
INSERT INTO `experience` VALUES ('66', 'tri-free', '【偷闲】', '	【私人定制表情】JESS的好朋友碧翠絲', '体验完成', '28', '7.jpg');
INSERT INTO `experience` VALUES ('67', 'tri-free', '【慢旅】', '体验绝美的太湖山水生活——太湖花床度假民宿', '体验完成', '50', '8.jpg');
INSERT INTO `experience` VALUES ('68', 'tri-free', '【偷闲】', '	记录好时光——只想为你拍组照片', '评选中', '7', '9.jpg');
INSERT INTO `experience` VALUES ('69', 'tri-free', '【慢旅】', '	离城市不远，靠自然很近——山舍龙井之约', '体验完成', '221', '10.jpg');
INSERT INTO `experience` VALUES ('70', 'tri-free', '【偷闲】', '	禾田书房一日店员|第四期', '体验完成', '7', '6.jpg');
INSERT INTO `experience` VALUES ('71', 'tri-free', '【慢旅】', '围炉夜话 尽享莫干——唯乐山居暖冬体验', '评选中', '37', '1.jpg');
INSERT INTO `experience` VALUES ('72', 'tri-buy', '【偷闲】', '待着·喝茶——平凡生活中的仪式感', '', '0', '3.jpg');
INSERT INTO `experience` VALUES ('73', 'tri-free', '【慢旅】', '围炉夜话 尽享莫干——唯乐山居暖冬体验', '评选中', '37', '4.jpg');
INSERT INTO `experience` VALUES ('74', 'tri-free', '【偷闲】', '我有一瓶酒换你尘封的记忆', '体验完成', '53', '5.jpg');
INSERT INTO `experience` VALUES ('75', 'tri-buy', '【偷闲】', '优美的高于生活——艺术节纪念T恤&帆布袋', '', '8', '6.jpg');
INSERT INTO `experience` VALUES ('76', 'tri-free', '【偷闲】', '	【私人定制表情】JESS的好朋友碧翠絲', '体验完成', '28', '7.jpg');
INSERT INTO `experience` VALUES ('77', 'tri-free', '【慢旅】', '体验绝美的太湖山水生活——太湖花床度假民宿', '体验完成', '50', '8.jpg');
INSERT INTO `experience` VALUES ('78', 'tri-free', '【偷闲】', '	记录好时光——只想为你拍组照片', '评选中', '7', '9.jpg');
INSERT INTO `experience` VALUES ('79', 'tri-free', '【慢旅】', '	离城市不远，靠自然很近——山舍龙井之约', '体验完成', '221', '10.jpg');
INSERT INTO `experience` VALUES ('80', 'tri-free', '【偷闲】', '	禾田书房一日店员|第四期', '体验完成', '7', '6.jpg');
INSERT INTO `experience` VALUES ('81', 'tri-free', '【慢旅】', '围炉夜话 尽享莫干——唯乐山居暖冬体验', '评选中', '37', '1.jpg');
INSERT INTO `experience` VALUES ('82', 'tri-buy', '【偷闲】', '待着·喝茶——平凡生活中的仪式感', '', '0', '3.jpg');
INSERT INTO `experience` VALUES ('83', 'tri-free', '【慢旅】', '围炉夜话 尽享莫干——唯乐山居暖冬体验', '评选中', '37', '4.jpg');
INSERT INTO `experience` VALUES ('84', 'tri-free', '【偷闲】', '我有一瓶酒换你尘封的记忆', '体验完成', '53', '5.jpg');
INSERT INTO `experience` VALUES ('85', 'tri-buy', '【偷闲】', '优美的高于生活——艺术节纪念T恤&帆布袋', '', '8', '6.jpg');
INSERT INTO `experience` VALUES ('86', 'tri-free', '【偷闲】', '	【私人定制表情】JESS的好朋友碧翠絲', '体验完成', '28', '7.jpg');
INSERT INTO `experience` VALUES ('87', 'tri-free', '【慢旅】', '体验绝美的太湖山水生活——太湖花床度假民宿', '体验完成', '50', '8.jpg');
INSERT INTO `experience` VALUES ('88', 'tri-free', '【偷闲】', '	记录好时光——只想为你拍组照片', '评选中', '7', '9.jpg');
INSERT INTO `experience` VALUES ('89', 'tri-free', '【慢旅】', '	离城市不远，靠自然很近——山舍龙井之约', '体验完成', '221', '10.jpg');
INSERT INTO `experience` VALUES ('90', 'tri-free', '【偷闲】', '	禾田书房一日店员|第四期', '体验完成', '7', '6.jpg');
INSERT INTO `experience` VALUES ('91', 'tri-free', '【慢旅】', '围炉夜话 尽享莫干——唯乐山居暖冬体验', '评选中', '37', '1.jpg');
INSERT INTO `experience` VALUES ('92', 'tri-buy', '【偷闲】', '待着·喝茶——平凡生活中的仪式感', '', '0', '3.jpg');
INSERT INTO `experience` VALUES ('93', 'tri-free', '【慢旅】', '围炉夜话 尽享莫干——唯乐山居暖冬体验', '评选中', '37', '4.jpg');
INSERT INTO `experience` VALUES ('94', 'tri-free', '【偷闲】', '我有一瓶酒换你尘封的记忆', '体验完成', '53', '5.jpg');
INSERT INTO `experience` VALUES ('95', 'tri-buy', '【偷闲】', '优美的高于生活——艺术节纪念T恤&帆布袋', '', '8', '6.jpg');
INSERT INTO `experience` VALUES ('96', 'tri-free', '【偷闲】', '	【私人定制表情】JESS的好朋友碧翠絲', '体验完成', '28', '7.jpg');
INSERT INTO `experience` VALUES ('97', 'tri-free', '【慢旅】', '体验绝美的太湖山水生活——太湖花床度假民宿', '体验完成', '50', '8.jpg');
INSERT INTO `experience` VALUES ('98', 'tri-free', '【偷闲】', '	记录好时光——只想为你拍组照片', '评选中', '7', '9.jpg');
INSERT INTO `experience` VALUES ('99', 'tri-free', '【慢旅】', '	离城市不远，靠自然很近——山舍龙井之约', '体验完成', '221', '10.jpg');
INSERT INTO `experience` VALUES ('100', 'tri-free', '【偷闲】', '	禾田书房一日店员|第四期', '体验完成', '7', '6.jpg');
INSERT INTO `experience` VALUES ('101', 'tri-free', '【慢旅】', '围炉夜话 尽享莫干——唯乐山居暖冬体验', '评选中', '37', '1.jpg');
INSERT INTO `experience` VALUES ('102', 'tri-buy', '【偷闲】', '待着·喝茶——平凡生活中的仪式感', '', '0', '3.jpg');
INSERT INTO `experience` VALUES ('103', 'tri-free', '【慢旅】', '围炉夜话 尽享莫干——唯乐山居暖冬体验', '评选中', '37', '4.jpg');
INSERT INTO `experience` VALUES ('104', 'tri-free', '【偷闲】', '我有一瓶酒换你尘封的记忆', '体验完成', '53', '5.jpg');
INSERT INTO `experience` VALUES ('105', 'tri-buy', '【偷闲】', '优美的高于生活——艺术节纪念T恤&帆布袋', '', '8', '6.jpg');
INSERT INTO `experience` VALUES ('106', 'tri-free', '【偷闲】', '	【私人定制表情】JESS的好朋友碧翠絲', '体验完成', '28', '7.jpg');
INSERT INTO `experience` VALUES ('107', 'tri-free', '【慢旅】', '体验绝美的太湖山水生活——太湖花床度假民宿', '体验完成', '50', '8.jpg');
INSERT INTO `experience` VALUES ('108', 'tri-free', '【偷闲】', '	记录好时光——只想为你拍组照片', '评选中', '7', '9.jpg');
INSERT INTO `experience` VALUES ('109', 'tri-free', '【慢旅】', '	离城市不远，靠自然很近——山舍龙井之约', '体验完成', '221', '10.jpg');
INSERT INTO `experience` VALUES ('110', 'tri-free', '【偷闲】', '	禾田书房一日店员|第四期', '体验完成', '7', '6.jpg');
INSERT INTO `experience` VALUES ('111', 'tri-free', '【慢旅】', '围炉夜话 尽享莫干——唯乐山居暖冬体验', '评选中', '37', '1.jpg');
INSERT INTO `experience` VALUES ('112', 'tri-buy', '【偷闲】', '待着·喝茶——平凡生活中的仪式感', '', '0', '3.jpg');
INSERT INTO `experience` VALUES ('113', 'tri-free', '【慢旅】', '围炉夜话 尽享莫干——唯乐山居暖冬体验', '评选中', '37', '4.jpg');
INSERT INTO `experience` VALUES ('114', 'tri-free', '【偷闲】', '我有一瓶酒换你尘封的记忆', '体验完成', '53', '5.jpg');
INSERT INTO `experience` VALUES ('115', 'tri-buy', '【偷闲】', '优美的高于生活——艺术节纪念T恤&帆布袋', '', '8', '6.jpg');
INSERT INTO `experience` VALUES ('116', 'tri-free', '【偷闲】', '	【私人定制表情】JESS的好朋友碧翠絲', '体验完成', '28', '7.jpg');
INSERT INTO `experience` VALUES ('117', 'tri-free', '【慢旅】', '体验绝美的太湖山水生活——太湖花床度假民宿', '体验完成', '50', '8.jpg');
INSERT INTO `experience` VALUES ('118', 'tri-free', '【偷闲】', '	记录好时光——只想为你拍组照片', '评选中', '7', '9.jpg');
INSERT INTO `experience` VALUES ('119', 'tri-free', '【慢旅】', '	离城市不远，靠自然很近——山舍龙井之约', '体验完成', '221', '10.jpg');
INSERT INTO `experience` VALUES ('120', 'tri-free', '【偷闲】', '	禾田书房一日店员|第四期', '体验完成', '7', '6.jpg');
INSERT INTO `experience` VALUES ('121', 'tri-free', '【慢旅】', '围炉夜话 尽享莫干——唯乐山居暖冬体验', '评选中', '37', '1.jpg');
INSERT INTO `experience` VALUES ('122', 'tri-buy', '【偷闲】', '待着·喝茶——平凡生活中的仪式感', '', '0', '3.jpg');
INSERT INTO `experience` VALUES ('123', 'tri-free', '【慢旅】', '围炉夜话 尽享莫干——唯乐山居暖冬体验', '评选中', '37', '4.jpg');
INSERT INTO `experience` VALUES ('124', 'tri-free', '【偷闲】', '我有一瓶酒换你尘封的记忆', '体验完成', '53', '5.jpg');
INSERT INTO `experience` VALUES ('125', 'tri-buy', '【偷闲】', '优美的高于生活——艺术节纪念T恤&帆布袋', '', '8', '6.jpg');
INSERT INTO `experience` VALUES ('126', 'tri-free', '【偷闲】', '	【私人定制表情】JESS的好朋友碧翠絲', '体验完成', '28', '7.jpg');
INSERT INTO `experience` VALUES ('127', 'tri-free', '【慢旅】', '体验绝美的太湖山水生活——太湖花床度假民宿', '体验完成', '50', '8.jpg');
INSERT INTO `experience` VALUES ('128', 'tri-free', '【偷闲】', '	记录好时光——只想为你拍组照片', '评选中', '7', '9.jpg');
INSERT INTO `experience` VALUES ('129', 'tri-free', '【慢旅】', '	离城市不远，靠自然很近——山舍龙井之约', '体验完成', '221', '10.jpg');
INSERT INTO `experience` VALUES ('130', 'tri-free', '【偷闲】', '	禾田书房一日店员|第四期', '体验完成', '7', '6.jpg');
INSERT INTO `experience` VALUES ('131', 'tri-free', '【慢旅】', '围炉夜话 尽享莫干——唯乐山居暖冬体验', '评选中', '37', '1.jpg');
INSERT INTO `experience` VALUES ('132', 'tri-buy', '【偷闲】', '待着·喝茶——平凡生活中的仪式感', '', '0', '3.jpg');
INSERT INTO `experience` VALUES ('133', 'tri-free', '【慢旅】', '围炉夜话 尽享莫干——唯乐山居暖冬体验', '评选中', '37', '4.jpg');
INSERT INTO `experience` VALUES ('134', 'tri-free', '【偷闲】', '我有一瓶酒换你尘封的记忆', '体验完成', '53', '5.jpg');
INSERT INTO `experience` VALUES ('135', 'tri-buy', '【偷闲】', '优美的高于生活——艺术节纪念T恤&帆布袋', '', '8', '6.jpg');
INSERT INTO `experience` VALUES ('136', 'tri-free', '【偷闲】', '	【私人定制表情】JESS的好朋友碧翠絲', '体验完成', '28', '7.jpg');
INSERT INTO `experience` VALUES ('137', 'tri-free', '【慢旅】', '体验绝美的太湖山水生活——太湖花床度假民宿', '体验完成', '50', '8.jpg');
INSERT INTO `experience` VALUES ('138', 'tri-free', '【偷闲】', '	记录好时光——只想为你拍组照片', '评选中', '7', '9.jpg');
INSERT INTO `experience` VALUES ('139', 'tri-free', '【慢旅】', '	离城市不远，靠自然很近——山舍龙井之约', '体验完成', '221', '10.jpg');
INSERT INTO `experience` VALUES ('140', 'tri-free', '【偷闲】', '	禾田书房一日店员|第四期', '体验完成', '7', '6.jpg');

-- ----------------------------
-- Table structure for share
-- ----------------------------
DROP TABLE IF EXISTS `share`;
CREATE TABLE `share` (
  `userId` int(11) NOT NULL,
  `sTitle` varchar(255) NOT NULL,
  `sContent` text,
  `sDate` date DEFAULT NULL,
  `scanNum` int(11) NOT NULL DEFAULT '0',
  `likeNum` int(11) NOT NULL DEFAULT '0',
  `commNum` int(11) NOT NULL
) ENGINE=InnoDB DEFAULT CHARSET=utf8;

-- ----------------------------
-- Records of share
-- ----------------------------
INSERT INTO `share` VALUES ('1', '我只想取悦自己', '我是谁，从哪里来、要到哪里去。我曾经非常讨厌自己。讨厌到想变成其他任何一个人。我花了很长时间，才真正喜欢自己的。对自己从厌恶到认可，所以现在我只想取悦自己。...', '2016-09-21', '396', '4', '1');
INSERT INTO `share` VALUES ('2', '有胃病怎么办', '从初中就胃疼，现在高三了，胃痛越来越频繁，应该成胃病了。总觉得成了家里的累赘，每次看病都要花好多钱。我好难过。', '2016-09-21', '275', '0', '5');
INSERT INTO `share` VALUES ('4', '梦境～持续更新', '前天晚上，梦到有个男人对我很好，很喜欢我，疼爱那种，又高又帅的，住我们小区32#402，他上班的同事也都认识我，正好我们俩腻歪的时候被朋友看到了，不知道咋了吧，是不是什么桃花运快来了，还是说我发春了', '2016-09-21', '0', '0', '0');
INSERT INTO `share` VALUES ('5', '行尸走肉', '身心都是麻木的 转眼大学三年过去了 什么都没做 只是感觉好累好累 真的应该一个人去静静 再回来活着', '2016-09-25', '22', '1', '0');
INSERT INTO `share` VALUES ('6', '活死人', '多久了，眼睛身体凌晨三四筋疲力尽才能勉强睡去', '2016-09-23', '27', '1', '0');
INSERT INTO `share` VALUES ('7', '乾明馆射艺休闲中心', '\r\n京城首家传统弓箭会馆，是集射艺、静修、茶会、功夫、书法培训班、国画培训班、太极功夫养生班、围棋培训班于一体的综合性文化馆。一、射艺：传统弓是一项古老的发明，...', '2016-09-25', '115', '0', '1');
INSERT INTO `share` VALUES ('8', '不同的想法', '\r\n今天去讲台上竞选助学金，我的竞选理由是我想用这笔钱来为我的创业办公室买一批设备，让我们的团队更加强大。但是我并没有竞选上，不知道现在的人怎么啦，那么不注重创...', '2016-09-27', '5', '0', '0');
INSERT INTO `share` VALUES ('9', '等待', '愿以后的你能遇见一个爱你的人儿！和你一起看书，喝茶，陪你一起做饭洗碗，打扫房间，愿意一直和你逛街买菜！一起睡觉搂着你说我爱你！', '2016-09-27', '17', '0', '0');
INSERT INTO `share` VALUES ('10', '非诚勿扰', '\r\n【诚招淘宝兼职刷单人员】工资日结，多劳多得(每小时20-30，每天80-400)，赚点零花钱！有网购经验，要有淘宝号和支付宝，拍单无需自己流动资金，...', '2016-09-25', '99', '0', '0');
INSERT INTO `share` VALUES ('11', '这上边有人吗', '。。。。，。，，，，，，，，', '2016-09-25', '8', '0', '0');
INSERT INTO `share` VALUES ('12', '常态', '\r\n在薄情的生活中深情地活着。', '2016-09-25', '13', '0', '0');
INSERT INTO `share` VALUES ('13', '痛而不苦', '每一次受伤，我都会一个人默默的承受着，即使再痛我也会笑着说不苦，其实只是不想让别人看出我的软弱。因为身边没有那种时刻让人撒娇抱怨的人，所以我很早就学会了一个人坚强。而对于那些真心关心你，或假装关心你的朋友，我也不想让她们担心或劳累，所以最好的方式还是一个人默默的承受。或许偶尔会觉得好凄凉，可是现实就是这样。也许习惯就好...', '2016-09-24', '150', '0', '0');
INSERT INTO `share` VALUES ('14', '我只想取悦自己', '我是谁，从哪里来、要到哪里去。我曾经非常讨厌自己。讨厌到想变成其他任何一个人。我花了很长时间，才真正喜欢自己的。对自己从厌恶到认可，所以现在我只想取悦自己。...', '2016-09-21', '396', '4', '1');
INSERT INTO `share` VALUES ('15', '我只想取悦自己', '我是谁，从哪里来、要到哪里去。我曾经非常讨厌自己。讨厌到想变成其他任何一个人。我花了很长时间，才真正喜欢自己的。对自己从厌恶到认可，所以现在我只想取悦自己。...', '2016-09-21', '396', '4', '1');
INSERT INTO `share` VALUES ('16', '我只想取悦自己', '我是谁，从哪里来、要到哪里去。我曾经非常讨厌自己。讨厌到想变成其他任何一个人。我花了很长时间，才真正喜欢自己的。对自己从厌恶到认可，所以现在我只想取悦自己。...', '2016-09-21', '396', '4', '1');
INSERT INTO `share` VALUES ('17', '我只想取悦自己', '我是谁，从哪里来、要到哪里去。我曾经非常讨厌自己。讨厌到想变成其他任何一个人。我花了很长时间，才真正喜欢自己的。对自己从厌恶到认可，所以现在我只想取悦自己。...', '2016-09-21', '396', '4', '1');
INSERT INTO `share` VALUES ('18', '我只想取悦自己', '我是谁，从哪里来、要到哪里去。我曾经非常讨厌自己。讨厌到想变成其他任何一个人。我花了很长时间，才真正喜欢自己的。对自己从厌恶到认可，所以现在我只想取悦自己。...', '2016-09-21', '396', '4', '1');
INSERT INTO `share` VALUES ('19', '梦境～持续更新', '前天晚上，梦到有个男人对我很好，很喜欢我，疼爱那种，又高又帅的，住我们小区32#402，他上班的同事也都认识我，正好我们俩腻歪的时候被朋友看到了，不知道咋了吧，是不是什么桃花运快来了，还是说我发春了', '2016-09-21', '0', '0', '0');
INSERT INTO `share` VALUES ('20', '行尸走肉', '身心都是麻木的 转眼大学三年过去了 什么都没做 只是感觉好累好累 真的应该一个人去静静 再回来活着', '2016-09-25', '22', '1', '0');
INSERT INTO `share` VALUES ('21', '我只想取悦自己', '我是谁，从哪里来、要到哪里去。我曾经非常讨厌自己。讨厌到想变成其他任何一个人。我花了很长时间，才真正喜欢自己的。对自己从厌恶到认可，所以现在我只想取悦自己。...', '2016-09-21', '396', '4', '1');
INSERT INTO `share` VALUES ('22', '梦境～持续更新', '前天晚上，梦到有个男人对我很好，很喜欢我，疼爱那种，又高又帅的，住我们小区32#402，他上班的同事也都认识我，正好我们俩腻歪的时候被朋友看到了，不知道咋了吧，是不是什么桃花运快来了，还是说我发春了', '2016-09-21', '0', '0', '0');
INSERT INTO `share` VALUES ('23', '行尸走肉', '身心都是麻木的 转眼大学三年过去了 什么都没做 只是感觉好累好累 真的应该一个人去静静 再回来活着', '2016-09-25', '22', '1', '0');
INSERT INTO `share` VALUES ('24', '我只想取悦自己', '我是谁，从哪里来、要到哪里去。我曾经非常讨厌自己。讨厌到想变成其他任何一个人。我花了很长时间，才真正喜欢自己的。对自己从厌恶到认可，所以现在我只想取悦自己。...', '2016-09-21', '396', '4', '1');
INSERT INTO `share` VALUES ('25', '我只想取悦自己', '我是谁，从哪里来、要到哪里去。我曾经非常讨厌自己。讨厌到想变成其他任何一个人。我花了很长时间，才真正喜欢自己的。对自己从厌恶到认可，所以现在我只想取悦自己。...', '2016-09-21', '396', '4', '1');
INSERT INTO `share` VALUES ('26', '有胃病怎么办', '从初中就胃疼，现在高三了，胃痛越来越频繁，应该成胃病了。总觉得成了家里的累赘，每次看病都要花好多钱。我好难过。', '2016-09-21', '275', '0', '5');
INSERT INTO `share` VALUES ('27', '梦境～持续更新', '前天晚上，梦到有个男人对我很好，很喜欢我，疼爱那种，又高又帅的，住我们小区32#402，他上班的同事也都认识我，正好我们俩腻歪的时候被朋友看到了，不知道咋了吧，是不是什么桃花运快来了，还是说我发春了', '2016-09-21', '0', '0', '0');
INSERT INTO `share` VALUES ('28', '行尸走肉', '身心都是麻木的 转眼大学三年过去了 什么都没做 只是感觉好累好累 真的应该一个人去静静 再回来活着', '2016-09-25', '22', '1', '0');
INSERT INTO `share` VALUES ('29', '活死人', '多久了，眼睛身体凌晨三四筋疲力尽才能勉强睡去', '2016-09-23', '27', '1', '0');
INSERT INTO `share` VALUES ('30', '乾明馆射艺休闲中心', '\r\n京城首家传统弓箭会馆，是集射艺、静修、茶会、功夫、书法培训班、国画培训班、太极功夫养生班、围棋培训班于一体的综合性文化馆。一、射艺：传统弓是一项古老的发明，...', '2016-09-25', '115', '0', '1');
INSERT INTO `share` VALUES ('31', '不同的想法', '\r\n今天去讲台上竞选助学金，我的竞选理由是我想用这笔钱来为我的创业办公室买一批设备，让我们的团队更加强大。但是我并没有竞选上，不知道现在的人怎么啦，那么不注重创...', '2016-09-27', '5', '0', '0');
INSERT INTO `share` VALUES ('32', '等待', '愿以后的你能遇见一个爱你的人儿！和你一起看书，喝茶，陪你一起做饭洗碗，打扫房间，愿意一直和你逛街买菜！一起睡觉搂着你说我爱你！', '2016-09-27', '17', '0', '0');
INSERT INTO `share` VALUES ('33', '非诚勿扰', '\r\n【诚招淘宝兼职刷单人员】工资日结，多劳多得(每小时20-30，每天80-400)，赚点零花钱！有网购经验，要有淘宝号和支付宝，拍单无需自己流动资金，...', '2016-09-25', '99', '0', '0');
INSERT INTO `share` VALUES ('34', '这上边有人吗', '。。。。，。，，，，，，，，', '2016-09-25', '8', '0', '0');
INSERT INTO `share` VALUES ('35', '常态', '\r\n在薄情的生活中深情地活着。', '2016-09-25', '13', '0', '0');
INSERT INTO `share` VALUES ('36', '痛而不苦', '每一次受伤，我都会一个人默默的承受着，即使再痛我也会笑着说不苦，其实只是不想让别人看出我的软弱。因为身边没有那种时刻让人撒娇抱怨的人，所以我很早就学会了一个人坚强。而对于那些真心关心你，或假装关心你的朋友，我也不想让她们担心或劳累，所以最好的方式还是一个人默默的承受。或许偶尔会觉得好凄凉，可是现实就是这样。也许习惯就好...', '2016-09-24', '150', '0', '0');
INSERT INTO `share` VALUES ('37', '我只想取悦自己', '我是谁，从哪里来、要到哪里去。我曾经非常讨厌自己。讨厌到想变成其他任何一个人。我花了很长时间，才真正喜欢自己的。对自己从厌恶到认可，所以现在我只想取悦自己。...', '2016-09-21', '396', '4', '1');
INSERT INTO `share` VALUES ('38', '有胃病怎么办', '从初中就胃疼，现在高三了，胃痛越来越频繁，应该成胃病了。总觉得成了家里的累赘，每次看病都要花好多钱。我好难过。', '2016-09-21', '275', '0', '5');
INSERT INTO `share` VALUES ('39', '梦境～持续更新', '前天晚上，梦到有个男人对我很好，很喜欢我，疼爱那种，又高又帅的，住我们小区32#402，他上班的同事也都认识我，正好我们俩腻歪的时候被朋友看到了，不知道咋了吧，是不是什么桃花运快来了，还是说我发春了', '2016-09-21', '0', '0', '0');
INSERT INTO `share` VALUES ('40', '行尸走肉', '身心都是麻木的 转眼大学三年过去了 什么都没做 只是感觉好累好累 真的应该一个人去静静 再回来活着', '2016-09-25', '22', '1', '0');
INSERT INTO `share` VALUES ('41', '活死人', '多久了，眼睛身体凌晨三四筋疲力尽才能勉强睡去', '2016-09-23', '27', '1', '0');
INSERT INTO `share` VALUES ('42', '乾明馆射艺休闲中心', '\r\n京城首家传统弓箭会馆，是集射艺、静修、茶会、功夫、书法培训班、国画培训班、太极功夫养生班、围棋培训班于一体的综合性文化馆。一、射艺：传统弓是一项古老的发明，...', '2016-09-25', '115', '0', '1');
INSERT INTO `share` VALUES ('43', '不同的想法', '\r\n今天去讲台上竞选助学金，我的竞选理由是我想用这笔钱来为我的创业办公室买一批设备，让我们的团队更加强大。但是我并没有竞选上，不知道现在的人怎么啦，那么不注重创...', '2016-09-27', '5', '0', '0');
INSERT INTO `share` VALUES ('44', '等待', '愿以后的你能遇见一个爱你的人儿！和你一起看书，喝茶，陪你一起做饭洗碗，打扫房间，愿意一直和你逛街买菜！一起睡觉搂着你说我爱你！', '2016-09-27', '17', '0', '0');
INSERT INTO `share` VALUES ('45', '非诚勿扰', '\r\n【诚招淘宝兼职刷单人员】工资日结，多劳多得(每小时20-30，每天80-400)，赚点零花钱！有网购经验，要有淘宝号和支付宝，拍单无需自己流动资金，...', '2016-09-25', '99', '0', '0');
INSERT INTO `share` VALUES ('46', '这上边有人吗', '。。。。，。，，，，，，，，', '2016-09-25', '8', '0', '0');
INSERT INTO `share` VALUES ('47', '常态', '\r\n在薄情的生活中深情地活着。', '2016-09-25', '13', '0', '0');
INSERT INTO `share` VALUES ('48', '痛而不苦', '每一次受伤，我都会一个人默默的承受着，即使再痛我也会笑着说不苦，其实只是不想让别人看出我的软弱。因为身边没有那种时刻让人撒娇抱怨的人，所以我很早就学会了一个人坚强。而对于那些真心关心你，或假装关心你的朋友，我也不想让她们担心或劳累，所以最好的方式还是一个人默默的承受。或许偶尔会觉得好凄凉，可是现实就是这样。也许习惯就好...', '2016-09-24', '150', '0', '0');
INSERT INTO `share` VALUES ('49', '我只想取悦自己', '我是谁，从哪里来、要到哪里去。我曾经非常讨厌自己。讨厌到想变成其他任何一个人。我花了很长时间，才真正喜欢自己的。对自己从厌恶到认可，所以现在我只想取悦自己。...', '2016-09-21', '396', '4', '1');
INSERT INTO `share` VALUES ('50', '有胃病怎么办', '从初中就胃疼，现在高三了，胃痛越来越频繁，应该成胃病了。总觉得成了家里的累赘，每次看病都要花好多钱。我好难过。', '2016-09-21', '275', '0', '5');
INSERT INTO `share` VALUES ('28', '梦境～持续更新', '前天晚上，梦到有个男人对我很好，很喜欢我，疼爱那种，又高又帅的，住我们小区32#402，他上班的同事也都认识我，正好我们俩腻歪的时候被朋友看到了，不知道咋了吧，是不是什么桃花运快来了，还是说我发春了', '2016-09-21', '0', '0', '0');
INSERT INTO `share` VALUES ('27', '行尸走肉', '身心都是麻木的 转眼大学三年过去了 什么都没做 只是感觉好累好累 真的应该一个人去静静 再回来活着', '2016-09-25', '22', '1', '0');
INSERT INTO `share` VALUES ('26', '活死人', '多久了，眼睛身体凌晨三四筋疲力尽才能勉强睡去', '2016-09-23', '27', '1', '0');
INSERT INTO `share` VALUES ('25', '乾明馆射艺休闲中心', '\r\n京城首家传统弓箭会馆，是集射艺、静修、茶会、功夫、书法培训班、国画培训班、太极功夫养生班、围棋培训班于一体的综合性文化馆。一、射艺：传统弓是一项古老的发明，...', '2016-09-25', '115', '0', '1');
INSERT INTO `share` VALUES ('24', '不同的想法', '\r\n今天去讲台上竞选助学金，我的竞选理由是我想用这笔钱来为我的创业办公室买一批设备，让我们的团队更加强大。但是我并没有竞选上，不知道现在的人怎么啦，那么不注重创...', '2016-09-27', '5', '0', '0');
INSERT INTO `share` VALUES ('23', '等待', '愿以后的你能遇见一个爱你的人儿！和你一起看书，喝茶，陪你一起做饭洗碗，打扫房间，愿意一直和你逛街买菜！一起睡觉搂着你说我爱你！', '2016-09-27', '17', '0', '0');
INSERT INTO `share` VALUES ('22', '非诚勿扰', '\r\n【诚招淘宝兼职刷单人员】工资日结，多劳多得(每小时20-30，每天80-400)，赚点零花钱！有网购经验，要有淘宝号和支付宝，拍单无需自己流动资金，...', '2016-09-25', '99', '0', '0');
INSERT INTO `share` VALUES ('21', '这上边有人吗', '。。。。，。，，，，，，，，', '2016-09-25', '8', '0', '0');
INSERT INTO `share` VALUES ('20', '常态', '\r\n在薄情的生活中深情地活着。', '2016-09-25', '13', '0', '0');
INSERT INTO `share` VALUES ('19', '痛而不苦', '每一次受伤，我都会一个人默默的承受着，即使再痛我也会笑着说不苦，其实只是不想让别人看出我的软弱。因为身边没有那种时刻让人撒娇抱怨的人，所以我很早就学会了一个人坚强。而对于那些真心关心你，或假装关心你的朋友，我也不想让她们担心或劳累，所以最好的方式还是一个人默默的承受。或许偶尔会觉得好凄凉，可是现实就是这样。也许习惯就好...', '2016-09-24', '150', '0', '0');
INSERT INTO `share` VALUES ('16', '我只想取悦自己', '我是谁，从哪里来、要到哪里去。我曾经非常讨厌自己。讨厌到想变成其他任何一个人。我花了很长时间，才真正喜欢自己的。对自己从厌恶到认可，所以现在我只想取悦自己。...', '2016-09-21', '396', '4', '1');
INSERT INTO `share` VALUES ('18', '有胃病怎么办', '从初中就胃疼，现在高三了，胃痛越来越频繁，应该成胃病了。总觉得成了家里的累赘，每次看病都要花好多钱。我好难过。', '2016-09-21', '275', '0', '5');
INSERT INTO `share` VALUES ('17', '梦境～持续更新', '前天晚上，梦到有个男人对我很好，很喜欢我，疼爱那种，又高又帅的，住我们小区32#402，他上班的同事也都认识我，正好我们俩腻歪的时候被朋友看到了，不知道咋了吧，是不是什么桃花运快来了，还是说我发春了', '2016-09-21', '0', '0', '0');
INSERT INTO `share` VALUES ('16', '行尸走肉', '身心都是麻木的 转眼大学三年过去了 什么都没做 只是感觉好累好累 真的应该一个人去静静 再回来活着', '2016-09-25', '22', '1', '0');
INSERT INTO `share` VALUES ('15', '活死人', '多久了，眼睛身体凌晨三四筋疲力尽才能勉强睡去', '2016-09-23', '27', '1', '0');
INSERT INTO `share` VALUES ('14', '乾明馆射艺休闲中心', '\r\n京城首家传统弓箭会馆，是集射艺、静修、茶会、功夫、书法培训班、国画培训班、太极功夫养生班、围棋培训班于一体的综合性文化馆。一、射艺：传统弓是一项古老的发明，...', '2016-09-25', '115', '0', '1');
INSERT INTO `share` VALUES ('13', '不同的想法', '\r\n今天去讲台上竞选助学金，我的竞选理由是我想用这笔钱来为我的创业办公室买一批设备，让我们的团队更加强大。但是我并没有竞选上，不知道现在的人怎么啦，那么不注重创...', '2016-09-27', '5', '0', '0');
INSERT INTO `share` VALUES ('12', '等待', '愿以后的你能遇见一个爱你的人儿！和你一起看书，喝茶，陪你一起做饭洗碗，打扫房间，愿意一直和你逛街买菜！一起睡觉搂着你说我爱你！', '2016-09-27', '17', '0', '0');
INSERT INTO `share` VALUES ('11', '非诚勿扰', '\r\n【诚招淘宝兼职刷单人员】工资日结，多劳多得(每小时20-30，每天80-400)，赚点零花钱！有网购经验，要有淘宝号和支付宝，拍单无需自己流动资金，...', '2016-09-25', '99', '0', '0');
INSERT INTO `share` VALUES ('10', '这上边有人吗', '。。。。，。，，，，，，，，', '2016-09-25', '8', '0', '0');
INSERT INTO `share` VALUES ('9', '常态', '\r\n在薄情的生活中深情地活着。', '2016-09-25', '13', '0', '0');
INSERT INTO `share` VALUES ('8', '痛而不苦', '每一次受伤，我都会一个人默默的承受着，即使再痛我也会笑着说不苦，其实只是不想让别人看出我的软弱。因为身边没有那种时刻让人撒娇抱怨的人，所以我很早就学会了一个人坚强。而对于那些真心关心你，或假装关心你的朋友，我也不想让她们担心或劳累，所以最好的方式还是一个人默默的承受。或许偶尔会觉得好凄凉，可是现实就是这样。也许习惯就好...', '2016-09-24', '150', '0', '0');
INSERT INTO `share` VALUES ('7', '我只想取悦自己', '我是谁，从哪里来、要到哪里去。我曾经非常讨厌自己。讨厌到想变成其他任何一个人。我花了很长时间，才真正喜欢自己的。对自己从厌恶到认可，所以现在我只想取悦自己。...', '2016-09-21', '396', '4', '1');
INSERT INTO `share` VALUES ('6', '有胃病怎么办', '从初中就胃疼，现在高三了，胃痛越来越频繁，应该成胃病了。总觉得成了家里的累赘，每次看病都要花好多钱。我好难过。', '2016-09-21', '275', '0', '5');
INSERT INTO `share` VALUES ('5', '梦境～持续更新', '前天晚上，梦到有个男人对我很好，很喜欢我，疼爱那种，又高又帅的，住我们小区32#402，他上班的同事也都认识我，正好我们俩腻歪的时候被朋友看到了，不知道咋了吧，是不是什么桃花运快来了，还是说我发春了', '2016-09-21', '0', '0', '0');
INSERT INTO `share` VALUES ('4', '行尸走肉', '身心都是麻木的 转眼大学三年过去了 什么都没做 只是感觉好累好累 真的应该一个人去静静 再回来活着', '2016-09-25', '22', '1', '0');
INSERT INTO `share` VALUES ('3', '活死人', '多久了，眼睛身体凌晨三四筋疲力尽才能勉强睡去', '2016-09-23', '27', '1', '0');
INSERT INTO `share` VALUES ('2', '乾明馆射艺休闲中心', '\r\n京城首家传统弓箭会馆，是集射艺、静修、茶会、功夫、书法培训班、国画培训班、太极功夫养生班、围棋培训班于一体的综合性文化馆。一、射艺：传统弓是一项古老的发明，...', '2016-09-25', '115', '0', '1');
INSERT INTO `share` VALUES ('1', '不同的想法', '\r\n今天去讲台上竞选助学金，我的竞选理由是我想用这笔钱来为我的创业办公室买一批设备，让我们的团队更加强大。但是我并没有竞选上，不知道现在的人怎么啦，那么不注重创...', '2016-09-27', '5', '0', '0');
INSERT INTO `share` VALUES ('50', '等待', '愿以后的你能遇见一个爱你的人儿！和你一起看书，喝茶，陪你一起做饭洗碗，打扫房间，愿意一直和你逛街买菜！一起睡觉搂着你说我爱你！', '2016-09-27', '17', '0', '0');
INSERT INTO `share` VALUES ('49', '非诚勿扰', '\r\n【诚招淘宝兼职刷单人员】工资日结，多劳多得(每小时20-30，每天80-400)，赚点零花钱！有网购经验，要有淘宝号和支付宝，拍单无需自己流动资金，...', '2016-09-25', '99', '0', '0');
INSERT INTO `share` VALUES ('48', '这上边有人吗', '。。。。，。，，，，，，，，', '2016-09-25', '8', '0', '0');
INSERT INTO `share` VALUES ('47', '常态', '\r\n在薄情的生活中深情地活着。', '2016-09-25', '13', '0', '0');
INSERT INTO `share` VALUES ('46', '痛而不苦', '每一次受伤，我都会一个人默默的承受着，即使再痛我也会笑着说不苦，其实只是不想让别人看出我的软弱。因为身边没有那种时刻让人撒娇抱怨的人，所以我很早就学会了一个人坚强。而对于那些真心关心你，或假装关心你的朋友，我也不想让她们担心或劳累，所以最好的方式还是一个人默默的承受。或许偶尔会觉得好凄凉，可是现实就是这样。也许习惯就好...', '2016-09-24', '150', '0', '0');
INSERT INTO `share` VALUES ('45', '我只想取悦自己', '我是谁，从哪里来、要到哪里去。我曾经非常讨厌自己。讨厌到想变成其他任何一个人。我花了很长时间，才真正喜欢自己的。对自己从厌恶到认可，所以现在我只想取悦自己。...', '2016-09-21', '396', '4', '1');
INSERT INTO `share` VALUES ('44', '有胃病怎么办', '从初中就胃疼，现在高三了，胃痛越来越频繁，应该成胃病了。总觉得成了家里的累赘，每次看病都要花好多钱。我好难过。', '2016-09-21', '275', '0', '5');
INSERT INTO `share` VALUES ('43', '梦境～持续更新', '前天晚上，梦到有个男人对我很好，很喜欢我，疼爱那种，又高又帅的，住我们小区32#402，他上班的同事也都认识我，正好我们俩腻歪的时候被朋友看到了，不知道咋了吧，是不是什么桃花运快来了，还是说我发春了', '2016-09-21', '0', '0', '0');
INSERT INTO `share` VALUES ('42', '行尸走肉', '身心都是麻木的 转眼大学三年过去了 什么都没做 只是感觉好累好累 真的应该一个人去静静 再回来活着', '2016-09-25', '22', '1', '0');
INSERT INTO `share` VALUES ('40', '活死人', '多久了，眼睛身体凌晨三四筋疲力尽才能勉强睡去', '2016-09-23', '27', '1', '0');
INSERT INTO `share` VALUES ('40', '乾明馆射艺休闲中心', '\r\n京城首家传统弓箭会馆，是集射艺、静修、茶会、功夫、书法培训班、国画培训班、太极功夫养生班、围棋培训班于一体的综合性文化馆。一、射艺：传统弓是一项古老的发明，...', '2016-09-25', '115', '0', '1');
INSERT INTO `share` VALUES ('39', '不同的想法', '\r\n今天去讲台上竞选助学金，我的竞选理由是我想用这笔钱来为我的创业办公室买一批设备，让我们的团队更加强大。但是我并没有竞选上，不知道现在的人怎么啦，那么不注重创...', '2016-09-27', '5', '0', '0');
INSERT INTO `share` VALUES ('38', '等待', '愿以后的你能遇见一个爱你的人儿！和你一起看书，喝茶，陪你一起做饭洗碗，打扫房间，愿意一直和你逛街买菜！一起睡觉搂着你说我爱你！', '2016-09-27', '17', '0', '0');
INSERT INTO `share` VALUES ('37', '非诚勿扰', '\r\n【诚招淘宝兼职刷单人员】工资日结，多劳多得(每小时20-30，每天80-400)，赚点零花钱！有网购经验，要有淘宝号和支付宝，拍单无需自己流动资金，...', '2016-09-25', '99', '0', '0');
INSERT INTO `share` VALUES ('36', '这上边有人吗', '。。。。，。，，，，，，，，', '2016-09-25', '8', '0', '0');
INSERT INTO `share` VALUES ('32', '常态', '\r\n在薄情的生活中深情地活着。', '2016-09-25', '13', '0', '0');
INSERT INTO `share` VALUES ('34', '痛而不苦', '每一次受伤，我都会一个人默默的承受着，即使再痛我也会笑着说不苦，其实只是不想让别人看出我的软弱。因为身边没有那种时刻让人撒娇抱怨的人，所以我很早就学会了一个人坚强。而对于那些真心关心你，或假装关心你的朋友，我也不想让她们担心或劳累，所以最好的方式还是一个人默默的承受。或许偶尔会觉得好凄凉，可是现实就是这样。也许习惯就好...', '2016-09-24', '150', '0', '0');
INSERT INTO `share` VALUES ('31', '我只想取悦自己', '我是谁，从哪里来、要到哪里去。我曾经非常讨厌自己。讨厌到想变成其他任何一个人。我花了很长时间，才真正喜欢自己的。对自己从厌恶到认可，所以现在我只想取悦自己。...', '2016-09-21', '396', '4', '1');
INSERT INTO `share` VALUES ('23', '有胃病怎么办', '从初中就胃疼，现在高三了，胃痛越来越频繁，应该成胃病了。总觉得成了家里的累赘，每次看病都要花好多钱。我好难过。', '2016-09-21', '275', '0', '5');
INSERT INTO `share` VALUES ('30', '梦境～持续更新', '前天晚上，梦到有个男人对我很好，很喜欢我，疼爱那种，又高又帅的，住我们小区32#402，他上班的同事也都认识我，正好我们俩腻歪的时候被朋友看到了，不知道咋了吧，是不是什么桃花运快来了，还是说我发春了', '2016-09-21', '0', '0', '0');
INSERT INTO `share` VALUES ('29', '行尸走肉', '身心都是麻木的 转眼大学三年过去了 什么都没做 只是感觉好累好累 真的应该一个人去静静 再回来活着', '2016-09-25', '22', '1', '0');
INSERT INTO `share` VALUES ('28', '活死人', '多久了，眼睛身体凌晨三四筋疲力尽才能勉强睡去', '2016-09-23', '27', '1', '0');
INSERT INTO `share` VALUES ('27', '乾明馆射艺休闲中心', '\r\n京城首家传统弓箭会馆，是集射艺、静修、茶会、功夫、书法培训班、国画培训班、太极功夫养生班、围棋培训班于一体的综合性文化馆。一、射艺：传统弓是一项古老的发明，...', '2016-09-25', '115', '0', '1');
INSERT INTO `share` VALUES ('25', '不同的想法', '\r\n今天去讲台上竞选助学金，我的竞选理由是我想用这笔钱来为我的创业办公室买一批设备，让我们的团队更加强大。但是我并没有竞选上，不知道现在的人怎么啦，那么不注重创...', '2016-09-27', '5', '0', '0');
INSERT INTO `share` VALUES ('24', '等待', '愿以后的你能遇见一个爱你的人儿！和你一起看书，喝茶，陪你一起做饭洗碗，打扫房间，愿意一直和你逛街买菜！一起睡觉搂着你说我爱你！', '2016-09-27', '17', '0', '0');
INSERT INTO `share` VALUES ('26', '非诚勿扰', '\r\n【诚招淘宝兼职刷单人员】工资日结，多劳多得(每小时20-30，每天80-400)，赚点零花钱！有网购经验，要有淘宝号和支付宝，拍单无需自己流动资金，...', '2016-09-25', '99', '0', '0');
INSERT INTO `share` VALUES ('23', '这上边有人吗', '。。。。，。，，，，，，，，', '2016-09-25', '8', '0', '0');
INSERT INTO `share` VALUES ('22', '常态', '\r\n在薄情的生活中深情地活着。', '2016-09-25', '13', '0', '0');
INSERT INTO `share` VALUES ('21', '痛而不苦', '每一次受伤，我都会一个人默默的承受着，即使再痛我也会笑着说不苦，其实只是不想让别人看出我的软弱。因为身边没有那种时刻让人撒娇抱怨的人，所以我很早就学会了一个人坚强。而对于那些真心关心你，或假装关心你的朋友，我也不想让她们担心或劳累，所以最好的方式还是一个人默默的承受。或许偶尔会觉得好凄凉，可是现实就是这样。也许习惯就好...', '2016-09-24', '150', '0', '0');
INSERT INTO `share` VALUES ('20', '我只想取悦自己', '我是谁，从哪里来、要到哪里去。我曾经非常讨厌自己。讨厌到想变成其他任何一个人。我花了很长时间，才真正喜欢自己的。对自己从厌恶到认可，所以现在我只想取悦自己。...', '2016-09-21', '396', '4', '1');
INSERT INTO `share` VALUES ('19', '有胃病怎么办', '从初中就胃疼，现在高三了，胃痛越来越频繁，应该成胃病了。总觉得成了家里的累赘，每次看病都要花好多钱。我好难过。', '2016-09-21', '275', '0', '5');
INSERT INTO `share` VALUES ('18', '梦境～持续更新', '前天晚上，梦到有个男人对我很好，很喜欢我，疼爱那种，又高又帅的，住我们小区32#402，他上班的同事也都认识我，正好我们俩腻歪的时候被朋友看到了，不知道咋了吧，是不是什么桃花运快来了，还是说我发春了', '2016-09-21', '0', '0', '0');
INSERT INTO `share` VALUES ('17', '行尸走肉', '身心都是麻木的 转眼大学三年过去了 什么都没做 只是感觉好累好累 真的应该一个人去静静 再回来活着', '2016-09-25', '22', '1', '0');
INSERT INTO `share` VALUES ('16', '活死人', '多久了，眼睛身体凌晨三四筋疲力尽才能勉强睡去', '2016-09-23', '27', '1', '0');
INSERT INTO `share` VALUES ('15', '乾明馆射艺休闲中心', '\r\n京城首家传统弓箭会馆，是集射艺、静修、茶会、功夫、书法培训班、国画培训班、太极功夫养生班、围棋培训班于一体的综合性文化馆。一、射艺：传统弓是一项古老的发明，...', '2016-09-25', '115', '0', '1');
INSERT INTO `share` VALUES ('14', '不同的想法', '\r\n今天去讲台上竞选助学金，我的竞选理由是我想用这笔钱来为我的创业办公室买一批设备，让我们的团队更加强大。但是我并没有竞选上，不知道现在的人怎么啦，那么不注重创...', '2016-09-27', '5', '0', '0');
INSERT INTO `share` VALUES ('45', '等待', '愿以后的你能遇见一个爱你的人儿！和你一起看书，喝茶，陪你一起做饭洗碗，打扫房间，愿意一直和你逛街买菜！一起睡觉搂着你说我爱你！', '2016-09-27', '17', '0', '0');
INSERT INTO `share` VALUES ('13', '非诚勿扰', '\r\n【诚招淘宝兼职刷单人员】工资日结，多劳多得(每小时20-30，每天80-400)，赚点零花钱！有网购经验，要有淘宝号和支付宝，拍单无需自己流动资金，...', '2016-09-25', '99', '0', '0');
INSERT INTO `share` VALUES ('12', '这上边有人吗', '。。。。，。，，，，，，，，', '2016-09-25', '8', '0', '0');
INSERT INTO `share` VALUES ('11', '常态', '\r\n在薄情的生活中深情地活着。', '2016-09-25', '13', '0', '0');
INSERT INTO `share` VALUES ('9', '痛而不苦', '每一次受伤，我都会一个人默默的承受着，即使再痛我也会笑着说不苦，其实只是不想让别人看出我的软弱。因为身边没有那种时刻让人撒娇抱怨的人，所以我很早就学会了一个人坚强。而对于那些真心关心你，或假装关心你的朋友，我也不想让她们担心或劳累，所以最好的方式还是一个人默默的承受。或许偶尔会觉得好凄凉，可是现实就是这样。也许习惯就好...', '2016-09-24', '150', '0', '0');
INSERT INTO `share` VALUES ('8', '我只想取悦自己', '我是谁，从哪里来、要到哪里去。我曾经非常讨厌自己。讨厌到想变成其他任何一个人。我花了很长时间，才真正喜欢自己的。对自己从厌恶到认可，所以现在我只想取悦自己。...', '2016-09-21', '396', '4', '1');
INSERT INTO `share` VALUES ('7', '有胃病怎么办', '从初中就胃疼，现在高三了，胃痛越来越频繁，应该成胃病了。总觉得成了家里的累赘，每次看病都要花好多钱。我好难过。', '2016-09-21', '275', '0', '5');
INSERT INTO `share` VALUES ('4', '梦境～持续更新', '前天晚上，梦到有个男人对我很好，很喜欢我，疼爱那种，又高又帅的，住我们小区32#402，他上班的同事也都认识我，正好我们俩腻歪的时候被朋友看到了，不知道咋了吧，是不是什么桃花运快来了，还是说我发春了', '2016-09-21', '0', '0', '0');
INSERT INTO `share` VALUES ('5', '行尸走肉', '身心都是麻木的 转眼大学三年过去了 什么都没做 只是感觉好累好累 真的应该一个人去静静 再回来活着', '2016-09-25', '22', '1', '0');
INSERT INTO `share` VALUES ('6', '活死人', '多久了，眼睛身体凌晨三四筋疲力尽才能勉强睡去', '2016-09-23', '27', '1', '0');
INSERT INTO `share` VALUES ('3', '乾明馆射艺休闲中心', '\r\n京城首家传统弓箭会馆，是集射艺、静修、茶会、功夫、书法培训班、国画培训班、太极功夫养生班、围棋培训班于一体的综合性文化馆。一、射艺：传统弓是一项古老的发明，...', '2016-09-25', '115', '0', '1');
INSERT INTO `share` VALUES ('2', '不同的想法', '\r\n今天去讲台上竞选助学金，我的竞选理由是我想用这笔钱来为我的创业办公室买一批设备，让我们的团队更加强大。但是我并没有竞选上，不知道现在的人怎么啦，那么不注重创...', '2016-09-27', '5', '0', '0');
INSERT INTO `share` VALUES ('1', '等待', '愿以后的你能遇见一个爱你的人儿！和你一起看书，喝茶，陪你一起做饭洗碗，打扫房间，愿意一直和你逛街买菜！一起睡觉搂着你说我爱你！', '2016-09-27', '17', '0', '0');
INSERT INTO `share` VALUES ('49', '非诚勿扰', '\r\n【诚招淘宝兼职刷单人员】工资日结，多劳多得(每小时20-30，每天80-400)，赚点零花钱！有网购经验，要有淘宝号和支付宝，拍单无需自己流动资金，...', '2016-09-25', '99', '0', '0');
INSERT INTO `share` VALUES ('48', '这上边有人吗', '。。。。，。，，，，，，，，', '2016-09-25', '8', '0', '0');
INSERT INTO `share` VALUES ('47', '常态', '\r\n在薄情的生活中深情地活着。', '2016-09-25', '13', '0', '0');
INSERT INTO `share` VALUES ('46', '痛而不苦', '每一次受伤，我都会一个人默默的承受着，即使再痛我也会笑着说不苦，其实只是不想让别人看出我的软弱。因为身边没有那种时刻让人撒娇抱怨的人，所以我很早就学会了一个人坚强。而对于那些真心关心你，或假装关心你的朋友，我也不想让她们担心或劳累，所以最好的方式还是一个人默默的承受。或许偶尔会觉得好凄凉，可是现实就是这样。也许习惯就好...', '2016-09-24', '150', '0', '0');
INSERT INTO `share` VALUES ('45', '我只想取悦自己', '我是谁，从哪里来、要到哪里去。我曾经非常讨厌自己。讨厌到想变成其他任何一个人。我花了很长时间，才真正喜欢自己的。对自己从厌恶到认可，所以现在我只想取悦自己。...', '2016-09-21', '396', '4', '1');
INSERT INTO `share` VALUES ('44', '有胃病怎么办', '从初中就胃疼，现在高三了，胃痛越来越频繁，应该成胃病了。总觉得成了家里的累赘，每次看病都要花好多钱。我好难过。', '2016-09-21', '275', '0', '5');
INSERT INTO `share` VALUES ('43', '梦境～持续更新', '前天晚上，梦到有个男人对我很好，很喜欢我，疼爱那种，又高又帅的，住我们小区32#402，他上班的同事也都认识我，正好我们俩腻歪的时候被朋友看到了，不知道咋了吧，是不是什么桃花运快来了，还是说我发春了', '2016-09-21', '0', '0', '0');
INSERT INTO `share` VALUES ('42', '行尸走肉', '身心都是麻木的 转眼大学三年过去了 什么都没做 只是感觉好累好累 真的应该一个人去静静 再回来活着', '2016-09-25', '22', '1', '0');
INSERT INTO `share` VALUES ('41', '活死人', '多久了，眼睛身体凌晨三四筋疲力尽才能勉强睡去', '2016-09-23', '27', '1', '0');
INSERT INTO `share` VALUES ('40', '乾明馆射艺休闲中心', '\r\n京城首家传统弓箭会馆，是集射艺、静修、茶会、功夫、书法培训班、国画培训班、太极功夫养生班、围棋培训班于一体的综合性文化馆。一、射艺：传统弓是一项古老的发明，...', '2016-09-25', '115', '0', '1');
INSERT INTO `share` VALUES ('39', '不同的想法', '\r\n今天去讲台上竞选助学金，我的竞选理由是我想用这笔钱来为我的创业办公室买一批设备，让我们的团队更加强大。但是我并没有竞选上，不知道现在的人怎么啦，那么不注重创...', '2016-09-27', '5', '0', '0');
INSERT INTO `share` VALUES ('38', '等待', '愿以后的你能遇见一个爱你的人儿！和你一起看书，喝茶，陪你一起做饭洗碗，打扫房间，愿意一直和你逛街买菜！一起睡觉搂着你说我爱你！', '2016-09-27', '17', '0', '0');
INSERT INTO `share` VALUES ('37', '非诚勿扰', '\r\n【诚招淘宝兼职刷单人员】工资日结，多劳多得(每小时20-30，每天80-400)，赚点零花钱！有网购经验，要有淘宝号和支付宝，拍单无需自己流动资金，...', '2016-09-25', '99', '0', '0');
INSERT INTO `share` VALUES ('36', '这上边有人吗', '。。。。，。，，，，，，，，', '2016-09-25', '8', '0', '0');
INSERT INTO `share` VALUES ('35', '常态', '\r\n在薄情的生活中深情地活着。', '2016-09-25', '13', '0', '0');
INSERT INTO `share` VALUES ('34', '痛而不苦', '每一次受伤，我都会一个人默默的承受着，即使再痛我也会笑着说不苦，其实只是不想让别人看出我的软弱。因为身边没有那种时刻让人撒娇抱怨的人，所以我很早就学会了一个人坚强。而对于那些真心关心你，或假装关心你的朋友，我也不想让她们担心或劳累，所以最好的方式还是一个人默默的承受。或许偶尔会觉得好凄凉，可是现实就是这样。也许习惯就好...', '2016-09-24', '150', '0', '0');
INSERT INTO `share` VALUES ('33', '我只想取悦自己', '我是谁，从哪里来、要到哪里去。我曾经非常讨厌自己。讨厌到想变成其他任何一个人。我花了很长时间，才真正喜欢自己的。对自己从厌恶到认可，所以现在我只想取悦自己。...', '2016-09-21', '396', '4', '1');
INSERT INTO `share` VALUES ('32', '有胃病怎么办', '从初中就胃疼，现在高三了，胃痛越来越频繁，应该成胃病了。总觉得成了家里的累赘，每次看病都要花好多钱。我好难过。', '2016-09-21', '275', '0', '5');
INSERT INTO `share` VALUES ('31', '梦境～持续更新', '前天晚上，梦到有个男人对我很好，很喜欢我，疼爱那种，又高又帅的，住我们小区32#402，他上班的同事也都认识我，正好我们俩腻歪的时候被朋友看到了，不知道咋了吧，是不是什么桃花运快来了，还是说我发春了', '2016-09-21', '0', '0', '0');
INSERT INTO `share` VALUES ('30', '行尸走肉', '身心都是麻木的 转眼大学三年过去了 什么都没做 只是感觉好累好累 真的应该一个人去静静 再回来活着', '2016-09-25', '22', '1', '0');
INSERT INTO `share` VALUES ('29', '活死人', '多久了，眼睛身体凌晨三四筋疲力尽才能勉强睡去', '2016-09-23', '27', '1', '0');
INSERT INTO `share` VALUES ('28', '乾明馆射艺休闲中心', '\r\n京城首家传统弓箭会馆，是集射艺、静修、茶会、功夫、书法培训班、国画培训班、太极功夫养生班、围棋培训班于一体的综合性文化馆。一、射艺：传统弓是一项古老的发明，...', '2016-09-25', '115', '0', '1');
INSERT INTO `share` VALUES ('27', '不同的想法', '\r\n今天去讲台上竞选助学金，我的竞选理由是我想用这笔钱来为我的创业办公室买一批设备，让我们的团队更加强大。但是我并没有竞选上，不知道现在的人怎么啦，那么不注重创...', '2016-09-27', '5', '0', '0');
INSERT INTO `share` VALUES ('26', '等待', '愿以后的你能遇见一个爱你的人儿！和你一起看书，喝茶，陪你一起做饭洗碗，打扫房间，愿意一直和你逛街买菜！一起睡觉搂着你说我爱你！', '2016-09-27', '17', '0', '0');
INSERT INTO `share` VALUES ('25', '非诚勿扰', '\r\n【诚招淘宝兼职刷单人员】工资日结，多劳多得(每小时20-30，每天80-400)，赚点零花钱！有网购经验，要有淘宝号和支付宝，拍单无需自己流动资金，...', '2016-09-25', '99', '0', '0');
INSERT INTO `share` VALUES ('24', '这上边有人吗', '。。。。，。，，，，，，，，', '2016-09-25', '8', '0', '0');
INSERT INTO `share` VALUES ('23', '常态', '\r\n在薄情的生活中深情地活着。', '2016-09-25', '13', '0', '0');
INSERT INTO `share` VALUES ('22', '痛而不苦', '每一次受伤，我都会一个人默默的承受着，即使再痛我也会笑着说不苦，其实只是不想让别人看出我的软弱。因为身边没有那种时刻让人撒娇抱怨的人，所以我很早就学会了一个人坚强。而对于那些真心关心你，或假装关心你的朋友，我也不想让她们担心或劳累，所以最好的方式还是一个人默默的承受。或许偶尔会觉得好凄凉，可是现实就是这样。也许习惯就好...', '2016-09-24', '150', '0', '0');
INSERT INTO `share` VALUES ('21', '我只想取悦自己', '我是谁，从哪里来、要到哪里去。我曾经非常讨厌自己。讨厌到想变成其他任何一个人。我花了很长时间，才真正喜欢自己的。对自己从厌恶到认可，所以现在我只想取悦自己。...', '2016-09-21', '396', '4', '1');
INSERT INTO `share` VALUES ('20', '有胃病怎么办', '从初中就胃疼，现在高三了，胃痛越来越频繁，应该成胃病了。总觉得成了家里的累赘，每次看病都要花好多钱。我好难过。', '2016-09-21', '275', '0', '5');
INSERT INTO `share` VALUES ('19', '梦境～持续更新', '前天晚上，梦到有个男人对我很好，很喜欢我，疼爱那种，又高又帅的，住我们小区32#402，他上班的同事也都认识我，正好我们俩腻歪的时候被朋友看到了，不知道咋了吧，是不是什么桃花运快来了，还是说我发春了', '2016-09-21', '0', '0', '0');
INSERT INTO `share` VALUES ('18', '行尸走肉', '身心都是麻木的 转眼大学三年过去了 什么都没做 只是感觉好累好累 真的应该一个人去静静 再回来活着', '2016-09-25', '22', '1', '0');
INSERT INTO `share` VALUES ('17', '活死人', '多久了，眼睛身体凌晨三四筋疲力尽才能勉强睡去', '2016-09-23', '27', '1', '0');
INSERT INTO `share` VALUES ('16', '乾明馆射艺休闲中心', '\r\n京城首家传统弓箭会馆，是集射艺、静修、茶会、功夫、书法培训班、国画培训班、太极功夫养生班、围棋培训班于一体的综合性文化馆。一、射艺：传统弓是一项古老的发明，...', '2016-09-25', '115', '0', '1');
INSERT INTO `share` VALUES ('15', '不同的想法', '\r\n今天去讲台上竞选助学金，我的竞选理由是我想用这笔钱来为我的创业办公室买一批设备，让我们的团队更加强大。但是我并没有竞选上，不知道现在的人怎么啦，那么不注重创...', '2016-09-27', '5', '0', '0');
INSERT INTO `share` VALUES ('14', '等待', '愿以后的你能遇见一个爱你的人儿！和你一起看书，喝茶，陪你一起做饭洗碗，打扫房间，愿意一直和你逛街买菜！一起睡觉搂着你说我爱你！', '2016-09-27', '17', '0', '0');
INSERT INTO `share` VALUES ('13', '非诚勿扰', '\r\n【诚招淘宝兼职刷单人员】工资日结，多劳多得(每小时20-30，每天80-400)，赚点零花钱！有网购经验，要有淘宝号和支付宝，拍单无需自己流动资金，...', '2016-09-25', '99', '0', '0');
INSERT INTO `share` VALUES ('12', '这上边有人吗', '。。。。，。，，，，，，，，', '2016-09-25', '8', '0', '0');
INSERT INTO `share` VALUES ('11', '常态', '\r\n在薄情的生活中深情地活着。', '2016-09-25', '13', '0', '0');
INSERT INTO `share` VALUES ('10', '痛而不苦', '每一次受伤，我都会一个人默默的承受着，即使再痛我也会笑着说不苦，其实只是不想让别人看出我的软弱。因为身边没有那种时刻让人撒娇抱怨的人，所以我很早就学会了一个人坚强。而对于那些真心关心你，或假装关心你的朋友，我也不想让她们担心或劳累，所以最好的方式还是一个人默默的承受。或许偶尔会觉得好凄凉，可是现实就是这样。也许习惯就好...', '2016-09-24', '150', '0', '0');
INSERT INTO `share` VALUES ('9', '我只想取悦自己', '我是谁，从哪里来、要到哪里去。我曾经非常讨厌自己。讨厌到想变成其他任何一个人。我花了很长时间，才真正喜欢自己的。对自己从厌恶到认可，所以现在我只想取悦自己。...', '2016-09-21', '396', '4', '1');
INSERT INTO `share` VALUES ('8', '有胃病怎么办', '从初中就胃疼，现在高三了，胃痛越来越频繁，应该成胃病了。总觉得成了家里的累赘，每次看病都要花好多钱。我好难过。', '2016-09-21', '275', '0', '5');
INSERT INTO `share` VALUES ('7', '梦境～持续更新', '前天晚上，梦到有个男人对我很好，很喜欢我，疼爱那种，又高又帅的，住我们小区32#402，他上班的同事也都认识我，正好我们俩腻歪的时候被朋友看到了，不知道咋了吧，是不是什么桃花运快来了，还是说我发春了', '2016-09-21', '0', '0', '0');
INSERT INTO `share` VALUES ('6', '行尸走肉', '身心都是麻木的 转眼大学三年过去了 什么都没做 只是感觉好累好累 真的应该一个人去静静 再回来活着', '2016-09-25', '22', '1', '0');
INSERT INTO `share` VALUES ('5', '活死人', '多久了，眼睛身体凌晨三四筋疲力尽才能勉强睡去', '2016-09-23', '27', '1', '0');
INSERT INTO `share` VALUES ('4', '乾明馆射艺休闲中心', '\r\n京城首家传统弓箭会馆，是集射艺、静修、茶会、功夫、书法培训班、国画培训班、太极功夫养生班、围棋培训班于一体的综合性文化馆。一、射艺：传统弓是一项古老的发明，...', '2016-09-25', '115', '0', '1');
INSERT INTO `share` VALUES ('3', '不同的想法', '\r\n今天去讲台上竞选助学金，我的竞选理由是我想用这笔钱来为我的创业办公室买一批设备，让我们的团队更加强大。但是我并没有竞选上，不知道现在的人怎么啦，那么不注重创...', '2016-09-27', '5', '0', '0');
INSERT INTO `share` VALUES ('2', '等待', '愿以后的你能遇见一个爱你的人儿！和你一起看书，喝茶，陪你一起做饭洗碗，打扫房间，愿意一直和你逛街买菜！一起睡觉搂着你说我爱你！', '2016-09-27', '17', '0', '0');
INSERT INTO `share` VALUES ('1', '非诚勿扰', '\r\n【诚招淘宝兼职刷单人员】工资日结，多劳多得(每小时20-30，每天80-400)，赚点零花钱！有网购经验，要有淘宝号和支付宝，拍单无需自己流动资金，...', '2016-09-25', '99', '0', '0');
INSERT INTO `share` VALUES ('50', '这上边有人吗', '。。。。，。，，，，，，，，', '2016-09-25', '8', '0', '0');
INSERT INTO `share` VALUES ('49', '常态', '\r\n在薄情的生活中深情地活着。', '2016-09-25', '13', '0', '0');
INSERT INTO `share` VALUES ('48', '痛而不苦', '每一次受伤，我都会一个人默默的承受着，即使再痛我也会笑着说不苦，其实只是不想让别人看出我的软弱。因为身边没有那种时刻让人撒娇抱怨的人，所以我很早就学会了一个人坚强。而对于那些真心关心你，或假装关心你的朋友，我也不想让她们担心或劳累，所以最好的方式还是一个人默默的承受。或许偶尔会觉得好凄凉，可是现实就是这样。也许习惯就好...', '2016-09-24', '150', '0', '0');
INSERT INTO `share` VALUES ('47', '我只想取悦自己', '我是谁，从哪里来、要到哪里去。我曾经非常讨厌自己。讨厌到想变成其他任何一个人。我花了很长时间，才真正喜欢自己的。对自己从厌恶到认可，所以现在我只想取悦自己。...', '2016-09-21', '396', '4', '1');
INSERT INTO `share` VALUES ('46', '有胃病怎么办', '从初中就胃疼，现在高三了，胃痛越来越频繁，应该成胃病了。总觉得成了家里的累赘，每次看病都要花好多钱。我好难过。', '2016-09-21', '275', '0', '5');
INSERT INTO `share` VALUES ('45', '梦境～持续更新', '前天晚上，梦到有个男人对我很好，很喜欢我，疼爱那种，又高又帅的，住我们小区32#402，他上班的同事也都认识我，正好我们俩腻歪的时候被朋友看到了，不知道咋了吧，是不是什么桃花运快来了，还是说我发春了', '2016-09-21', '0', '0', '0');
INSERT INTO `share` VALUES ('44', '行尸走肉', '身心都是麻木的 转眼大学三年过去了 什么都没做 只是感觉好累好累 真的应该一个人去静静 再回来活着', '2016-09-25', '22', '1', '0');
INSERT INTO `share` VALUES ('43', '活死人', '多久了，眼睛身体凌晨三四筋疲力尽才能勉强睡去', '2016-09-23', '27', '1', '0');
INSERT INTO `share` VALUES ('42', '乾明馆射艺休闲中心', '\r\n京城首家传统弓箭会馆，是集射艺、静修、茶会、功夫、书法培训班、国画培训班、太极功夫养生班、围棋培训班于一体的综合性文化馆。一、射艺：传统弓是一项古老的发明，...', '2016-09-25', '115', '0', '1');
INSERT INTO `share` VALUES ('40', '不同的想法', '\r\n今天去讲台上竞选助学金，我的竞选理由是我想用这笔钱来为我的创业办公室买一批设备，让我们的团队更加强大。但是我并没有竞选上，不知道现在的人怎么啦，那么不注重创...', '2016-09-27', '5', '0', '0');
INSERT INTO `share` VALUES ('41', '等待', '愿以后的你能遇见一个爱你的人儿！和你一起看书，喝茶，陪你一起做饭洗碗，打扫房间，愿意一直和你逛街买菜！一起睡觉搂着你说我爱你！', '2016-09-27', '17', '0', '0');
INSERT INTO `share` VALUES ('39', '非诚勿扰', '\r\n【诚招淘宝兼职刷单人员】工资日结，多劳多得(每小时20-30，每天80-400)，赚点零花钱！有网购经验，要有淘宝号和支付宝，拍单无需自己流动资金，...', '2016-09-25', '99', '0', '0');
INSERT INTO `share` VALUES ('38', '这上边有人吗', '。。。。，。，，，，，，，，', '2016-09-25', '8', '0', '0');
INSERT INTO `share` VALUES ('37', '常态', '\r\n在薄情的生活中深情地活着。', '2016-09-25', '13', '0', '0');
INSERT INTO `share` VALUES ('34', '痛而不苦', '每一次受伤，我都会一个人默默的承受着，即使再痛我也会笑着说不苦，其实只是不想让别人看出我的软弱。因为身边没有那种时刻让人撒娇抱怨的人，所以我很早就学会了一个人坚强。而对于那些真心关心你，或假装关心你的朋友，我也不想让她们担心或劳累，所以最好的方式还是一个人默默的承受。或许偶尔会觉得好凄凉，可是现实就是这样。也许习惯就好...', '2016-09-24', '150', '0', '0');
INSERT INTO `share` VALUES ('36', '我只想取悦自己', '我是谁，从哪里来、要到哪里去。我曾经非常讨厌自己。讨厌到想变成其他任何一个人。我花了很长时间，才真正喜欢自己的。对自己从厌恶到认可，所以现在我只想取悦自己。...', '2016-09-21', '396', '4', '1');
INSERT INTO `share` VALUES ('35', '有胃病怎么办', '从初中就胃疼，现在高三了，胃痛越来越频繁，应该成胃病了。总觉得成了家里的累赘，每次看病都要花好多钱。我好难过。', '2016-09-21', '275', '0', '5');
INSERT INTO `share` VALUES ('34', '梦境～持续更新', '前天晚上，梦到有个男人对我很好，很喜欢我，疼爱那种，又高又帅的，住我们小区32#402，他上班的同事也都认识我，正好我们俩腻歪的时候被朋友看到了，不知道咋了吧，是不是什么桃花运快来了，还是说我发春了', '2016-09-21', '0', '0', '0');
INSERT INTO `share` VALUES ('33', '行尸走肉', '身心都是麻木的 转眼大学三年过去了 什么都没做 只是感觉好累好累 真的应该一个人去静静 再回来活着', '2016-09-25', '22', '1', '0');
INSERT INTO `share` VALUES ('32', '活死人', '多久了，眼睛身体凌晨三四筋疲力尽才能勉强睡去', '2016-09-23', '27', '1', '0');
INSERT INTO `share` VALUES ('31', '乾明馆射艺休闲中心', '\r\n京城首家传统弓箭会馆，是集射艺、静修、茶会、功夫、书法培训班、国画培训班、太极功夫养生班、围棋培训班于一体的综合性文化馆。一、射艺：传统弓是一项古老的发明，...', '2016-09-25', '115', '0', '1');
INSERT INTO `share` VALUES ('30', '不同的想法', '\r\n今天去讲台上竞选助学金，我的竞选理由是我想用这笔钱来为我的创业办公室买一批设备，让我们的团队更加强大。但是我并没有竞选上，不知道现在的人怎么啦，那么不注重创...', '2016-09-27', '5', '0', '0');
INSERT INTO `share` VALUES ('40', '等待', '愿以后的你能遇见一个爱你的人儿！和你一起看书，喝茶，陪你一起做饭洗碗，打扫房间，愿意一直和你逛街买菜！一起睡觉搂着你说我爱你！', '2016-09-27', '17', '0', '0');
INSERT INTO `share` VALUES ('43', '非诚勿扰', '\r\n【诚招淘宝兼职刷单人员】工资日结，多劳多得(每小时20-30，每天80-400)，赚点零花钱！有网购经验，要有淘宝号和支付宝，拍单无需自己流动资金，...', '2016-09-25', '99', '0', '0');
INSERT INTO `share` VALUES ('42', '这上边有人吗', '。。。。，。，，，，，，，，', '2016-09-25', '8', '0', '0');
INSERT INTO `share` VALUES ('41', '常态', '\r\n在薄情的生活中深情地活着。', '2016-09-25', '13', '0', '0');
INSERT INTO `share` VALUES ('44', '痛而不苦', '每一次受伤，我都会一个人默默的承受着，即使再痛我也会笑着说不苦，其实只是不想让别人看出我的软弱。因为身边没有那种时刻让人撒娇抱怨的人，所以我很早就学会了一个人坚强。而对于那些真心关心你，或假装关心你的朋友，我也不想让她们担心或劳累，所以最好的方式还是一个人默默的承受。或许偶尔会觉得好凄凉，可是现实就是这样。也许习惯就好...', '2016-09-24', '150', '0', '0');
INSERT INTO `share` VALUES ('33', '我只想取悦自己', '我是谁，从哪里来、要到哪里去。我曾经非常讨厌自己。讨厌到想变成其他任何一个人。我花了很长时间，才真正喜欢自己的。对自己从厌恶到认可，所以现在我只想取悦自己。...', '2016-09-21', '396', '4', '1');
INSERT INTO `share` VALUES ('22', '有胃病怎么办', '从初中就胃疼，现在高三了，胃痛越来越频繁，应该成胃病了。总觉得成了家里的累赘，每次看病都要花好多钱。我好难过。', '2016-09-21', '275', '0', '5');
INSERT INTO `share` VALUES ('12', '梦境～持续更新', '前天晚上，梦到有个男人对我很好，很喜欢我，疼爱那种，又高又帅的，住我们小区32#402，他上班的同事也都认识我，正好我们俩腻歪的时候被朋友看到了，不知道咋了吧，是不是什么桃花运快来了，还是说我发春了', '2016-09-21', '0', '0', '0');
INSERT INTO `share` VALUES ('19', '行尸走肉', '身心都是麻木的 转眼大学三年过去了 什么都没做 只是感觉好累好累 真的应该一个人去静静 再回来活着', '2016-09-25', '22', '1', '0');
INSERT INTO `share` VALUES ('18', '活死人', '多久了，眼睛身体凌晨三四筋疲力尽才能勉强睡去', '2016-09-23', '27', '1', '0');
INSERT INTO `share` VALUES ('17', '乾明馆射艺休闲中心', '\r\n京城首家传统弓箭会馆，是集射艺、静修、茶会、功夫、书法培训班、国画培训班、太极功夫养生班、围棋培训班于一体的综合性文化馆。一、射艺：传统弓是一项古老的发明，...', '2016-09-25', '115', '0', '1');
INSERT INTO `share` VALUES ('16', '不同的想法', '\r\n今天去讲台上竞选助学金，我的竞选理由是我想用这笔钱来为我的创业办公室买一批设备，让我们的团队更加强大。但是我并没有竞选上，不知道现在的人怎么啦，那么不注重创...', '2016-09-27', '5', '0', '0');
INSERT INTO `share` VALUES ('15', '等待', '愿以后的你能遇见一个爱你的人儿！和你一起看书，喝茶，陪你一起做饭洗碗，打扫房间，愿意一直和你逛街买菜！一起睡觉搂着你说我爱你！', '2016-09-27', '17', '0', '0');
INSERT INTO `share` VALUES ('14', '非诚勿扰', '\r\n【诚招淘宝兼职刷单人员】工资日结，多劳多得(每小时20-30，每天80-400)，赚点零花钱！有网购经验，要有淘宝号和支付宝，拍单无需自己流动资金，...', '2016-09-25', '99', '0', '0');
INSERT INTO `share` VALUES ('45', '这上边有人吗', '。。。。，。，，，，，，，，', '2016-09-25', '8', '0', '0');
INSERT INTO `share` VALUES ('13', '常态', '\r\n在薄情的生活中深情地活着。', '2016-09-25', '13', '0', '0');
INSERT INTO `share` VALUES ('11', '痛而不苦', '每一次受伤，我都会一个人默默的承受着，即使再痛我也会笑着说不苦，其实只是不想让别人看出我的软弱。因为身边没有那种时刻让人撒娇抱怨的人，所以我很早就学会了一个人坚强。而对于那些真心关心你，或假装关心你的朋友，我也不想让她们担心或劳累，所以最好的方式还是一个人默默的承受。或许偶尔会觉得好凄凉，可是现实就是这样。也许习惯就好...', '2016-09-24', '150', '0', '0');
INSERT INTO `share` VALUES ('20', '我只想取悦自己', '我是谁，从哪里来、要到哪里去。我曾经非常讨厌自己。讨厌到想变成其他任何一个人。我花了很长时间，才真正喜欢自己的。对自己从厌恶到认可，所以现在我只想取悦自己。...', '2016-09-21', '396', '4', '1');
INSERT INTO `share` VALUES ('18', '有胃病怎么办', '从初中就胃疼，现在高三了，胃痛越来越频繁，应该成胃病了。总觉得成了家里的累赘，每次看病都要花好多钱。我好难过。', '2016-09-21', '275', '0', '5');
INSERT INTO `share` VALUES ('19', '梦境～持续更新', '前天晚上，梦到有个男人对我很好，很喜欢我，疼爱那种，又高又帅的，住我们小区32#402，他上班的同事也都认识我，正好我们俩腻歪的时候被朋友看到了，不知道咋了吧，是不是什么桃花运快来了，还是说我发春了', '2016-09-21', '0', '0', '0');
INSERT INTO `share` VALUES ('17', '行尸走肉', '身心都是麻木的 转眼大学三年过去了 什么都没做 只是感觉好累好累 真的应该一个人去静静 再回来活着', '2016-09-25', '22', '1', '0');
INSERT INTO `share` VALUES ('16', '活死人', '多久了，眼睛身体凌晨三四筋疲力尽才能勉强睡去', '2016-09-23', '27', '1', '0');
INSERT INTO `share` VALUES ('14', '乾明馆射艺休闲中心', '\r\n京城首家传统弓箭会馆，是集射艺、静修、茶会、功夫、书法培训班、国画培训班、太极功夫养生班、围棋培训班于一体的综合性文化馆。一、射艺：传统弓是一项古老的发明，...', '2016-09-25', '115', '0', '1');
INSERT INTO `share` VALUES ('15', '不同的想法', '\r\n今天去讲台上竞选助学金，我的竞选理由是我想用这笔钱来为我的创业办公室买一批设备，让我们的团队更加强大。但是我并没有竞选上，不知道现在的人怎么啦，那么不注重创...', '2016-09-27', '5', '0', '0');
INSERT INTO `share` VALUES ('14', '等待', '愿以后的你能遇见一个爱你的人儿！和你一起看书，喝茶，陪你一起做饭洗碗，打扫房间，愿意一直和你逛街买菜！一起睡觉搂着你说我爱你！', '2016-09-27', '17', '0', '0');
INSERT INTO `share` VALUES ('13', '非诚勿扰', '\r\n【诚招淘宝兼职刷单人员】工资日结，多劳多得(每小时20-30，每天80-400)，赚点零花钱！有网购经验，要有淘宝号和支付宝，拍单无需自己流动资金，...', '2016-09-25', '99', '0', '0');
INSERT INTO `share` VALUES ('12', '这上边有人吗', '。。。。，。，，，，，，，，', '2016-09-25', '8', '0', '0');
INSERT INTO `share` VALUES ('11', '常态', '\r\n在薄情的生活中深情地活着。', '2016-09-25', '13', '0', '0');
INSERT INTO `share` VALUES ('29', '痛而不苦', '每一次受伤，我都会一个人默默的承受着，即使再痛我也会笑着说不苦，其实只是不想让别人看出我的软弱。因为身边没有那种时刻让人撒娇抱怨的人，所以我很早就学会了一个人坚强。而对于那些真心关心你，或假装关心你的朋友，我也不想让她们担心或劳累，所以最好的方式还是一个人默默的承受。或许偶尔会觉得好凄凉，可是现实就是这样。也许习惯就好...', '2016-09-24', '150', '0', '0');
INSERT INTO `share` VALUES ('28', '我只想取悦自己', '我是谁，从哪里来、要到哪里去。我曾经非常讨厌自己。讨厌到想变成其他任何一个人。我花了很长时间，才真正喜欢自己的。对自己从厌恶到认可，所以现在我只想取悦自己。...', '2016-09-21', '396', '4', '1');
INSERT INTO `share` VALUES ('26', '有胃病怎么办', '从初中就胃疼，现在高三了，胃痛越来越频繁，应该成胃病了。总觉得成了家里的累赘，每次看病都要花好多钱。我好难过。', '2016-09-21', '275', '0', '5');
INSERT INTO `share` VALUES ('25', '梦境～持续更新', '前天晚上，梦到有个男人对我很好，很喜欢我，疼爱那种，又高又帅的，住我们小区32#402，他上班的同事也都认识我，正好我们俩腻歪的时候被朋友看到了，不知道咋了吧，是不是什么桃花运快来了，还是说我发春了', '2016-09-21', '0', '0', '0');
INSERT INTO `share` VALUES ('23', '行尸走肉', '身心都是麻木的 转眼大学三年过去了 什么都没做 只是感觉好累好累 真的应该一个人去静静 再回来活着', '2016-09-25', '22', '1', '0');
INSERT INTO `share` VALUES ('15', '活死人', '多久了，眼睛身体凌晨三四筋疲力尽才能勉强睡去', '2016-09-23', '27', '1', '0');
INSERT INTO `share` VALUES ('16', '乾明馆射艺休闲中心', '\r\n京城首家传统弓箭会馆，是集射艺、静修、茶会、功夫、书法培训班、国画培训班、太极功夫养生班、围棋培训班于一体的综合性文化馆。一、射艺：传统弓是一项古老的发明，...', '2016-09-25', '115', '0', '1');
INSERT INTO `share` VALUES ('17', '不同的想法', '\r\n今天去讲台上竞选助学金，我的竞选理由是我想用这笔钱来为我的创业办公室买一批设备，让我们的团队更加强大。但是我并没有竞选上，不知道现在的人怎么啦，那么不注重创...', '2016-09-27', '5', '0', '0');
INSERT INTO `share` VALUES ('26', '等待', '愿以后的你能遇见一个爱你的人儿！和你一起看书，喝茶，陪你一起做饭洗碗，打扫房间，愿意一直和你逛街买菜！一起睡觉搂着你说我爱你！', '2016-09-27', '17', '0', '0');
INSERT INTO `share` VALUES ('27', '非诚勿扰', '\r\n【诚招淘宝兼职刷单人员】工资日结，多劳多得(每小时20-30，每天80-400)，赚点零花钱！有网购经验，要有淘宝号和支付宝，拍单无需自己流动资金，...', '2016-09-25', '99', '0', '0');
INSERT INTO `share` VALUES ('23', '这上边有人吗', '。。。。，。，，，，，，，，', '2016-09-25', '8', '0', '0');
INSERT INTO `share` VALUES ('30', '常态', '\r\n在薄情的生活中深情地活着。', '2016-09-25', '13', '0', '0');
INSERT INTO `share` VALUES ('20', '痛而不苦', '每一次受伤，我都会一个人默默的承受着，即使再痛我也会笑着说不苦，其实只是不想让别人看出我的软弱。因为身边没有那种时刻让人撒娇抱怨的人，所以我很早就学会了一个人坚强。而对于那些真心关心你，或假装关心你的朋友，我也不想让她们担心或劳累，所以最好的方式还是一个人默默的承受。或许偶尔会觉得好凄凉，可是现实就是这样。也许习惯就好...', '2016-09-24', '150', '0', '0');
INSERT INTO `share` VALUES ('10', '我只想取悦自己', '我是谁，从哪里来、要到哪里去。我曾经非常讨厌自己。讨厌到想变成其他任何一个人。我花了很长时间，才真正喜欢自己的。对自己从厌恶到认可，所以现在我只想取悦自己。...', '2016-09-21', '396', '4', '1');
INSERT INTO `share` VALUES ('11', '有胃病怎么办', '从初中就胃疼，现在高三了，胃痛越来越频繁，应该成胃病了。总觉得成了家里的累赘，每次看病都要花好多钱。我好难过。', '2016-09-21', '275', '0', '5');
INSERT INTO `share` VALUES ('12', '梦境～持续更新', '前天晚上，梦到有个男人对我很好，很喜欢我，疼爱那种，又高又帅的，住我们小区32#402，他上班的同事也都认识我，正好我们俩腻歪的时候被朋友看到了，不知道咋了吧，是不是什么桃花运快来了，还是说我发春了', '2016-09-21', '0', '0', '0');
INSERT INTO `share` VALUES ('13', '行尸走肉', '身心都是麻木的 转眼大学三年过去了 什么都没做 只是感觉好累好累 真的应该一个人去静静 再回来活着', '2016-09-25', '22', '1', '0');
INSERT INTO `share` VALUES ('24', '活死人', '多久了，眼睛身体凌晨三四筋疲力尽才能勉强睡去', '2016-09-23', '27', '1', '0');
INSERT INTO `share` VALUES ('1', '乾明馆射艺休闲中心', '\r\n京城首家传统弓箭会馆，是集射艺、静修、茶会、功夫、书法培训班、国画培训班、太极功夫养生班、围棋培训班于一体的综合性文化馆。一、射艺：传统弓是一项古老的发明，...', '2016-09-25', '115', '0', '1');
INSERT INTO `share` VALUES ('4', '不同的想法', '\r\n今天去讲台上竞选助学金，我的竞选理由是我想用这笔钱来为我的创业办公室买一批设备，让我们的团队更加强大。但是我并没有竞选上，不知道现在的人怎么啦，那么不注重创...', '2016-09-27', '5', '0', '0');
INSERT INTO `share` VALUES ('5', '等待', '愿以后的你能遇见一个爱你的人儿！和你一起看书，喝茶，陪你一起做饭洗碗，打扫房间，愿意一直和你逛街买菜！一起睡觉搂着你说我爱你！', '2016-09-27', '17', '0', '0');
INSERT INTO `share` VALUES ('8', '非诚勿扰', '\r\n【诚招淘宝兼职刷单人员】工资日结，多劳多得(每小时20-30，每天80-400)，赚点零花钱！有网购经验，要有淘宝号和支付宝，拍单无需自己流动资金，...', '2016-09-25', '99', '0', '0');
INSERT INTO `share` VALUES ('35', '这上边有人吗', '。。。。，。，，，，，，，，', '2016-09-25', '8', '0', '0');
INSERT INTO `share` VALUES ('25', '常态', '\r\n在薄情的生活中深情地活着。', '2016-09-25', '13', '0', '0');
INSERT INTO `share` VALUES ('24', '痛而不苦', '每一次受伤，我都会一个人默默的承受着，即使再痛我也会笑着说不苦，其实只是不想让别人看出我的软弱。因为身边没有那种时刻让人撒娇抱怨的人，所以我很早就学会了一个人坚强。而对于那些真心关心你，或假装关心你的朋友，我也不想让她们担心或劳累，所以最好的方式还是一个人默默的承受。或许偶尔会觉得好凄凉，可是现实就是这样。也许习惯就好...', '2016-09-24', '150', '0', '0');
INSERT INTO `share` VALUES ('36', '我只想取悦自己', '我是谁，从哪里来、要到哪里去。我曾经非常讨厌自己。讨厌到想变成其他任何一个人。我花了很长时间，才真正喜欢自己的。对自己从厌恶到认可，所以现在我只想取悦自己。...', '2016-09-21', '396', '4', '1');
INSERT INTO `share` VALUES ('46', '有胃病怎么办', '从初中就胃疼，现在高三了，胃痛越来越频繁，应该成胃病了。总觉得成了家里的累赘，每次看病都要花好多钱。我好难过。', '2016-09-21', '275', '0', '5');
INSERT INTO `share` VALUES ('19', '梦境～持续更新', '前天晚上，梦到有个男人对我很好，很喜欢我，疼爱那种，又高又帅的，住我们小区32#402，他上班的同事也都认识我，正好我们俩腻歪的时候被朋友看到了，不知道咋了吧，是不是什么桃花运快来了，还是说我发春了', '2016-09-21', '0', '0', '0');
INSERT INTO `share` VALUES ('25', '行尸走肉', '身心都是麻木的 转眼大学三年过去了 什么都没做 只是感觉好累好累 真的应该一个人去静静 再回来活着', '2016-09-25', '22', '1', '0');
INSERT INTO `share` VALUES ('27', '活死人', '多久了，眼睛身体凌晨三四筋疲力尽才能勉强睡去', '2016-09-23', '27', '1', '0');
INSERT INTO `share` VALUES ('25', '乾明馆射艺休闲中心', '\r\n京城首家传统弓箭会馆，是集射艺、静修、茶会、功夫、书法培训班、国画培训班、太极功夫养生班、围棋培训班于一体的综合性文化馆。一、射艺：传统弓是一项古老的发明，...', '2016-09-25', '115', '0', '1');
INSERT INTO `share` VALUES ('29', '不同的想法', '\r\n今天去讲台上竞选助学金，我的竞选理由是我想用这笔钱来为我的创业办公室买一批设备，让我们的团队更加强大。但是我并没有竞选上，不知道现在的人怎么啦，那么不注重创...', '2016-09-27', '5', '0', '0');
INSERT INTO `share` VALUES ('20', '等待', '愿以后的你能遇见一个爱你的人儿！和你一起看书，喝茶，陪你一起做饭洗碗，打扫房间，愿意一直和你逛街买菜！一起睡觉搂着你说我爱你！', '2016-09-27', '17', '0', '0');
INSERT INTO `share` VALUES ('21', '非诚勿扰', '\r\n【诚招淘宝兼职刷单人员】工资日结，多劳多得(每小时20-30，每天80-400)，赚点零花钱！有网购经验，要有淘宝号和支付宝，拍单无需自己流动资金，...', '2016-09-25', '99', '0', '0');
INSERT INTO `share` VALUES ('22', '这上边有人吗', '。。。。，。，，，，，，，，', '2016-09-25', '8', '0', '0');
INSERT INTO `share` VALUES ('23', '常态', '\r\n在薄情的生活中深情地活着。', '2016-09-25', '13', '0', '0');
INSERT INTO `share` VALUES ('24', '痛而不苦', '每一次受伤，我都会一个人默默的承受着，即使再痛我也会笑着说不苦，其实只是不想让别人看出我的软弱。因为身边没有那种时刻让人撒娇抱怨的人，所以我很早就学会了一个人坚强。而对于那些真心关心你，或假装关心你的朋友，我也不想让她们担心或劳累，所以最好的方式还是一个人默默的承受。或许偶尔会觉得好凄凉，可是现实就是这样。也许习惯就好...', '2016-09-24', '150', '0', '0');
INSERT INTO `share` VALUES ('25', '我只想取悦自己', '我是谁，从哪里来、要到哪里去。我曾经非常讨厌自己。讨厌到想变成其他任何一个人。我花了很长时间，才真正喜欢自己的。对自己从厌恶到认可，所以现在我只想取悦自己。...', '2016-09-21', '396', '4', '1');
INSERT INTO `share` VALUES ('26', '有胃病怎么办', '从初中就胃疼，现在高三了，胃痛越来越频繁，应该成胃病了。总觉得成了家里的累赘，每次看病都要花好多钱。我好难过。', '2016-09-21', '275', '0', '5');
INSERT INTO `share` VALUES ('27', '梦境～持续更新', '前天晚上，梦到有个男人对我很好，很喜欢我，疼爱那种，又高又帅的，住我们小区32#402，他上班的同事也都认识我，正好我们俩腻歪的时候被朋友看到了，不知道咋了吧，是不是什么桃花运快来了，还是说我发春了', '2016-09-21', '0', '0', '0');
INSERT INTO `share` VALUES ('26', '行尸走肉', '身心都是麻木的 转眼大学三年过去了 什么都没做 只是感觉好累好累 真的应该一个人去静静 再回来活着', '2016-09-25', '22', '1', '0');
INSERT INTO `share` VALUES ('26', '活死人', '多久了，眼睛身体凌晨三四筋疲力尽才能勉强睡去', '2016-09-23', '27', '1', '0');
INSERT INTO `share` VALUES ('25', '乾明馆射艺休闲中心', '\r\n京城首家传统弓箭会馆，是集射艺、静修、茶会、功夫、书法培训班、国画培训班、太极功夫养生班、围棋培训班于一体的综合性文化馆。一、射艺：传统弓是一项古老的发明，...', '2016-09-25', '115', '0', '1');
INSERT INTO `share` VALUES ('23', '不同的想法', '\r\n今天去讲台上竞选助学金，我的竞选理由是我想用这笔钱来为我的创业办公室买一批设备，让我们的团队更加强大。但是我并没有竞选上，不知道现在的人怎么啦，那么不注重创...', '2016-09-27', '5', '0', '0');
INSERT INTO `share` VALUES ('17', '等待', '愿以后的你能遇见一个爱你的人儿！和你一起看书，喝茶，陪你一起做饭洗碗，打扫房间，愿意一直和你逛街买菜！一起睡觉搂着你说我爱你！', '2016-09-27', '17', '0', '0');
INSERT INTO `share` VALUES ('18', '非诚勿扰', '\r\n【诚招淘宝兼职刷单人员】工资日结，多劳多得(每小时20-30，每天80-400)，赚点零花钱！有网购经验，要有淘宝号和支付宝，拍单无需自己流动资金，...', '2016-09-25', '99', '0', '0');
INSERT INTO `share` VALUES ('23', '这上边有人吗', '。。。。，。，，，，，，，，', '2016-09-25', '8', '0', '0');
INSERT INTO `share` VALUES ('48', '常态', '\r\n在薄情的生活中深情地活着。', '2016-09-25', '13', '0', '0');
INSERT INTO `share` VALUES ('49', '痛而不苦', '每一次受伤，我都会一个人默默的承受着，即使再痛我也会笑着说不苦，其实只是不想让别人看出我的软弱。因为身边没有那种时刻让人撒娇抱怨的人，所以我很早就学会了一个人坚强。而对于那些真心关心你，或假装关心你的朋友，我也不想让她们担心或劳累，所以最好的方式还是一个人默默的承受。或许偶尔会觉得好凄凉，可是现实就是这样。也许习惯就好...', '2016-09-24', '150', '0', '0');
INSERT INTO `share` VALUES ('48', '我只想取悦自己', '我是谁，从哪里来、要到哪里去。我曾经非常讨厌自己。讨厌到想变成其他任何一个人。我花了很长时间，才真正喜欢自己的。对自己从厌恶到认可，所以现在我只想取悦自己。...', '2016-09-21', '396', '4', '1');
INSERT INTO `share` VALUES ('47', '有胃病怎么办', '从初中就胃疼，现在高三了，胃痛越来越频繁，应该成胃病了。总觉得成了家里的累赘，每次看病都要花好多钱。我好难过。', '2016-09-21', '275', '0', '5');
INSERT INTO `share` VALUES ('44', '梦境～持续更新', '前天晚上，梦到有个男人对我很好，很喜欢我，疼爱那种，又高又帅的，住我们小区32#402，他上班的同事也都认识我，正好我们俩腻歪的时候被朋友看到了，不知道咋了吧，是不是什么桃花运快来了，还是说我发春了', '2016-09-21', '0', '0', '0');
INSERT INTO `share` VALUES ('44', '行尸走肉', '身心都是麻木的 转眼大学三年过去了 什么都没做 只是感觉好累好累 真的应该一个人去静静 再回来活着', '2016-09-25', '22', '1', '0');
INSERT INTO `share` VALUES ('33', '活死人', '多久了，眼睛身体凌晨三四筋疲力尽才能勉强睡去', '2016-09-23', '27', '1', '0');
INSERT INTO `share` VALUES ('22', '乾明馆射艺休闲中心', '\r\n京城首家传统弓箭会馆，是集射艺、静修、茶会、功夫、书法培训班、国画培训班、太极功夫养生班、围棋培训班于一体的综合性文化馆。一、射艺：传统弓是一项古老的发明，...', '2016-09-25', '115', '0', '1');
INSERT INTO `share` VALUES ('11', '不同的想法', '\r\n今天去讲台上竞选助学金，我的竞选理由是我想用这笔钱来为我的创业办公室买一批设备，让我们的团队更加强大。但是我并没有竞选上，不知道现在的人怎么啦，那么不注重创...', '2016-09-27', '5', '0', '0');
INSERT INTO `share` VALUES ('32', '等待', '愿以后的你能遇见一个爱你的人儿！和你一起看书，喝茶，陪你一起做饭洗碗，打扫房间，愿意一直和你逛街买菜！一起睡觉搂着你说我爱你！', '2016-09-27', '17', '0', '0');
INSERT INTO `share` VALUES ('12', '非诚勿扰', '\r\n【诚招淘宝兼职刷单人员】工资日结，多劳多得(每小时20-30，每天80-400)，赚点零花钱！有网购经验，要有淘宝号和支付宝，拍单无需自己流动资金，...', '2016-09-25', '99', '0', '0');
INSERT INTO `share` VALUES ('32', '这上边有人吗', '。。。。，。，，，，，，，，', '2016-09-25', '8', '0', '0');
INSERT INTO `share` VALUES ('42', '常态', '\r\n在薄情的生活中深情地活着。', '2016-09-25', '13', '0', '0');
INSERT INTO `share` VALUES ('24', '痛而不苦', '每一次受伤，我都会一个人默默的承受着，即使再痛我也会笑着说不苦，其实只是不想让别人看出我的软弱。因为身边没有那种时刻让人撒娇抱怨的人，所以我很早就学会了一个人坚强。而对于那些真心关心你，或假装关心你的朋友，我也不想让她们担心或劳累，所以最好的方式还是一个人默默的承受。或许偶尔会觉得好凄凉，可是现实就是这样。也许习惯就好...', '2016-09-24', '150', '0', '0');
INSERT INTO `share` VALUES ('34', '我只想取悦自己', '我是谁，从哪里来、要到哪里去。我曾经非常讨厌自己。讨厌到想变成其他任何一个人。我花了很长时间，才真正喜欢自己的。对自己从厌恶到认可，所以现在我只想取悦自己。...', '2016-09-21', '396', '4', '1');
INSERT INTO `share` VALUES ('43', '有胃病怎么办', '从初中就胃疼，现在高三了，胃痛越来越频繁，应该成胃病了。总觉得成了家里的累赘，每次看病都要花好多钱。我好难过。', '2016-09-21', '275', '0', '5');
INSERT INTO `share` VALUES ('33', '梦境～持续更新', '前天晚上，梦到有个男人对我很好，很喜欢我，疼爱那种，又高又帅的，住我们小区32#402，他上班的同事也都认识我，正好我们俩腻歪的时候被朋友看到了，不知道咋了吧，是不是什么桃花运快来了，还是说我发春了', '2016-09-21', '0', '0', '0');
INSERT INTO `share` VALUES ('32', '行尸走肉', '身心都是麻木的 转眼大学三年过去了 什么都没做 只是感觉好累好累 真的应该一个人去静静 再回来活着', '2016-09-25', '22', '1', '0');
INSERT INTO `share` VALUES ('12', '活死人', '多久了，眼睛身体凌晨三四筋疲力尽才能勉强睡去', '2016-09-23', '27', '1', '0');
INSERT INTO `share` VALUES ('34', '乾明馆射艺休闲中心', '\r\n京城首家传统弓箭会馆，是集射艺、静修、茶会、功夫、书法培训班、国画培训班、太极功夫养生班、围棋培训班于一体的综合性文化馆。一、射艺：传统弓是一项古老的发明，...', '2016-09-25', '115', '0', '1');
INSERT INTO `share` VALUES ('21', '不同的想法', '\r\n今天去讲台上竞选助学金，我的竞选理由是我想用这笔钱来为我的创业办公室买一批设备，让我们的团队更加强大。但是我并没有竞选上，不知道现在的人怎么啦，那么不注重创...', '2016-09-27', '5', '0', '0');
INSERT INTO `share` VALUES ('43', '等待', '愿以后的你能遇见一个爱你的人儿！和你一起看书，喝茶，陪你一起做饭洗碗，打扫房间，愿意一直和你逛街买菜！一起睡觉搂着你说我爱你！', '2016-09-27', '17', '0', '0');
INSERT INTO `share` VALUES ('23', '非诚勿扰', '\r\n【诚招淘宝兼职刷单人员】工资日结，多劳多得(每小时20-30，每天80-400)，赚点零花钱！有网购经验，要有淘宝号和支付宝，拍单无需自己流动资金，...', '2016-09-25', '99', '0', '0');
INSERT INTO `share` VALUES ('31', '这上边有人吗', '。。。。，。，，，，，，，，', '2016-09-25', '8', '0', '0');
INSERT INTO `share` VALUES ('41', '常态', '\r\n在薄情的生活中深情地活着。', '2016-09-25', '13', '0', '0');
INSERT INTO `share` VALUES ('23', '痛而不苦', '每一次受伤，我都会一个人默默的承受着，即使再痛我也会笑着说不苦，其实只是不想让别人看出我的软弱。因为身边没有那种时刻让人撒娇抱怨的人，所以我很早就学会了一个人坚强。而对于那些真心关心你，或假装关心你的朋友，我也不想让她们担心或劳累，所以最好的方式还是一个人默默的承受。或许偶尔会觉得好凄凉，可是现实就是这样。也许习惯就好...', '2016-09-24', '150', '0', '0');

-- ----------------------------
-- Table structure for status
-- ----------------------------
DROP TABLE IF EXISTS `status`;
CREATE TABLE `status` (
  `userId` int(255) NOT NULL AUTO_INCREMENT,
  `name` varchar(255) NOT NULL,
  `job` varchar(255) DEFAULT NULL,
  `nickName` varchar(255) NOT NULL,
  `mood` varchar(255) DEFAULT NULL,
  PRIMARY KEY (`userId`)
) ENGINE=InnoDB AUTO_INCREMENT=52 DEFAULT CHARSET=utf8;

-- ----------------------------
-- Records of status
-- ----------------------------
INSERT INTO `status` VALUES ('4', '于宾峰 ', '大神', '山重水复', '\"执子之手，与子偕老”');
INSERT INTO `status` VALUES ('5', '亚麻匣子', '织布工', '亚麻匣子', '最近皮肤越来越差了');
INSERT INTO `status` VALUES ('7', '唐亚丽 ', '大神', '雨思', '人未来，或许人类赞美的不再是人类的感情，而是某种程序');
INSERT INTO `status` VALUES ('8', '山峰 ', '挑山工', '山峰 ', '我失去了最爱我的人，也是这辈子我最爱的人！');
INSERT INTO `status` VALUES ('9', '张伟', '大神', '伟大的大伟', '就这样吧…');
INSERT INTO `status` VALUES ('10', '杨同学', '游戏美术设计', '杨同学', '对于爱情，一见钟情的两厢情愿最浪漫 \r\n对于婚姻是，日久生情的不离不弃最感动');
INSERT INTO `status` VALUES ('11', '永不放弃', '自由职业者', '永不放弃', '突然间找到了真的我，离开老家快两年了，做了一个亲戚朋友都不理解的决定，我希望他们比我好，我可以一句向前，总有一天我会让他们更好');
INSERT INTO `status` VALUES ('12', '王光星 ', '大神', '那夜的星光', '你怎么还没有对象啊？要不要我帮你new一个？');
INSERT INTO `status` VALUES ('13', '生不逢时', '学生', '生不逢时', '每天起来，都在懊恼，昨天为什么没有早些睡');
INSERT INTO `status` VALUES ('14', '美少女不是战士', '游戏美术设计', '美少女不是战士', '心速略快 太阳穴疼 内心空虚');
INSERT INTO `status` VALUES ('15', '郑纯华 ', '废人', '琴心剑魄今何在', '马上交...马上交...\r\n就好了...就好了... \r\n我已经是个废人了....');
INSERT INTO `status` VALUES ('16', '马超越 ', '大队长', '马同学', '页面交了吗？效果实现了吗？\r\n态度！态度！态度！\r\n效率！效率！效率！');
INSERT INTO `status` VALUES ('17', '！！_161828', '外星人', '！！_161828', '好想逃离这个喧嚣的环境，在深山古村静静的过完余生！！！然而却又被现实狠狠的束缚！！');
INSERT INTO `status` VALUES ('18', 'GOhil', '外星人', 'GOhil', null);
INSERT INTO `status` VALUES ('19', '核桃妈', '全职主妇', '核桃妈', '愿你以后都不会好心办坏事。');
INSERT INTO `status` VALUES ('20', 'Mumble待煮', '挂牌师', 'Mumble待煮', '來吧，國慶別去人擠人，參加遊木課堂安安靜靜的做木頭，嚐嚐我們二呆的美食與美酒。');
INSERT INTO `status` VALUES ('21', 'Seven7', '游戏美术设计', 'Seven7', '趴床上\r\n想睡觉 \r\n耳洞疼');
INSERT INTO `status` VALUES ('22', '张伟', '大神', '伟大的大伟', '就这样吧…');
INSERT INTO `status` VALUES ('23', '亚麻匣子', '织布工', '亚麻匣子', '最近皮肤越来越差了');
INSERT INTO `status` VALUES ('24', '山峰 ', '挑山工', '山峰 ', '我失去了最爱我的人，也是这辈子我最爱的人！');
INSERT INTO `status` VALUES ('25', '生不逢时', '学生', '生不逢时', '每天起来，都在懊恼，昨天为什么没有早些睡');
INSERT INTO `status` VALUES ('26', '生不逢时', '学生', '生不逢时', '每天起来，都在懊恼，昨天为什么没有早些睡');
INSERT INTO `status` VALUES ('27', '亚麻匣子', '织布工', '亚麻匣子', '最近皮肤越来越差了');
INSERT INTO `status` VALUES ('28', '生不逢时', '学生', '生不逢时', '每天起来，都在懊恼，昨天为什么没有早些睡');
INSERT INTO `status` VALUES ('29', '山峰 ', '挑山工', '山峰 ', '我失去了最爱我的人，也是这辈子我最爱的人！');
INSERT INTO `status` VALUES ('30', '亚麻匣子', '织布工', '亚麻匣子', '最近皮肤越来越差了');
INSERT INTO `status` VALUES ('31', '生不逢时', '学生', '生不逢时', '每天起来，都在懊恼，昨天为什么没有早些睡');
INSERT INTO `status` VALUES ('32', '山峰 ', '挑山工', '山峰 ', '我失去了最爱我的人，也是这辈子我最爱的人！');
INSERT INTO `status` VALUES ('33', '生不逢时', '学生', '生不逢时', '每天起来，都在懊恼，昨天为什么没有早些睡');
INSERT INTO `status` VALUES ('34', '亚麻匣子', '织布工', '亚麻匣子', '最近皮肤越来越差了');
INSERT INTO `status` VALUES ('35', '生不逢时', '学生', '生不逢时', '每天起来，都在懊恼，昨天为什么没有早些睡');
INSERT INTO `status` VALUES ('36', '山峰 ', '挑山工', '山峰 ', '我失去了最爱我的人，也是这辈子我最爱的人！');
INSERT INTO `status` VALUES ('37', '亚麻匣子', '织布工', '亚麻匣子', '最近皮肤越来越差了');
INSERT INTO `status` VALUES ('38', '生不逢时', '学生', '生不逢时', '每天起来，都在懊恼，昨天为什么没有早些睡');
INSERT INTO `status` VALUES ('39', '亚麻匣子', '织布工', '亚麻匣子', '最近皮肤越来越差了');
INSERT INTO `status` VALUES ('40', '生不逢时', '学生', '生不逢时', '每天起来，都在懊恼，昨天为什么没有早些睡');
INSERT INTO `status` VALUES ('41', '山峰 ', '挑山工', '山峰 ', '我失去了最爱我的人，也是这辈子我最爱的人！');
INSERT INTO `status` VALUES ('42', '山峰 ', '挑山工', '山峰 ', '我失去了最爱我的人，也是这辈子我最爱的人！');
INSERT INTO `status` VALUES ('43', '生不逢时', '学生', '生不逢时', '每天起来，都在懊恼，昨天为什么没有早些睡');
INSERT INTO `status` VALUES ('44', '亚麻匣子', '织布工', '亚麻匣子', '最近皮肤越来越差了');
INSERT INTO `status` VALUES ('45', '山峰 ', '挑山工', '山峰 ', '我失去了最爱我的人，也是这辈子我最爱的人！');
INSERT INTO `status` VALUES ('46', '亚麻匣子', '织布工', '亚麻匣子', '最近皮肤越来越差了');
INSERT INTO `status` VALUES ('47', '生不逢时', '学生', '生不逢时', '每天起来，都在懊恼，昨天为什么没有早些睡');
INSERT INTO `status` VALUES ('48', '亚麻匣子', '织布工', '亚麻匣子', '最近皮肤越来越差了');
INSERT INTO `status` VALUES ('49', '生不逢时', '学生', '生不逢时', '每天起来，都在懊恼，昨天为什么没有早些睡');
INSERT INTO `status` VALUES ('50', '山峰 ', '挑山工', '山峰 ', '我失去了最爱我的人，也是这辈子我最爱的人！');
INSERT INTO `status` VALUES ('51', '吴永洋 ', '大神', '永远有多远', '哎呀哎呀哎呀，居然写到现在了。。。');

-- ----------------------------
-- Table structure for userinfo
-- ----------------------------
DROP TABLE IF EXISTS `userinfo`;
CREATE TABLE `userinfo` (
  `userId` int(255) NOT NULL AUTO_INCREMENT,
  `headImg` varchar(255) NOT NULL,
  `name` varchar(255) NOT NULL,
  `nickName` varchar(255) NOT NULL,
  `password` varchar(50) NOT NULL,
  `email` varchar(255) NOT NULL,
  `phone` int(11) DEFAULT NULL,
  `registerDate` date DEFAULT NULL,
  `job` varchar(50) DEFAULT NULL,
  PRIMARY KEY (`userId`)
) ENGINE=InnoDB AUTO_INCREMENT=54 DEFAULT CHARSET=utf8;

-- ----------------------------
-- Records of userinfo
-- ----------------------------
INSERT INTO `userinfo` VALUES ('1', '1.jpg', '山峰 ', '山峰 ', 'a123fdsfsfsfdsf', 'geg@qq.com', null, null, '学生');
INSERT INTO `userinfo` VALUES ('2', '4.png', 'Seven7', 'Seven7', 'a1111111', '1a@qq.com', null, null, '大神');
INSERT INTO `userinfo` VALUES ('3', '2.png', '乐活小资', '乐活小资', '123', '2a@qq.com', null, null, '织布工');
INSERT INTO `userinfo` VALUES ('4', 'fengfeng.jpg', '于宾峰 ', '山重水复', '123', '3a@qq.com', null, null, '大神');
INSERT INTO `userinfo` VALUES ('5', '4.png', '亚麻匣子', '亚麻匣子', '123', '4a@qq.com', null, null, '挑山工');
INSERT INTO `userinfo` VALUES ('7', 'dashen2.jpg', '唐亚丽 ', '雨思', '123', '5a@qq.com', null, null, '大神');
INSERT INTO `userinfo` VALUES ('8', '3.png', '山峰 ', '山峰 ', '123', '6a@qq.com', null, null, '游戏美术设计');
INSERT INTO `userinfo` VALUES ('9', 'weige.jpg', '张伟', '伟大的大伟', '123', '7a@qq.com', null, null, '自由职业者');
INSERT INTO `userinfo` VALUES ('10', '3.png', '杨同学', '杨同学', '123', '8a@qq.com', null, null, '大神');
INSERT INTO `userinfo` VALUES ('11', '3.png', '永不放弃', '永不放弃', '123', '9a@qq.com', null, null, '学生');
INSERT INTO `userinfo` VALUES ('12', 'dashen.jpg', '王光星 ', '那夜的星光', '123', '10a@qq.com', null, null, '游戏美术设计');
INSERT INTO `userinfo` VALUES ('13', '3.png', '生不逢时', '生不逢时', '123', '11@qq.com', null, null, '废人');
INSERT INTO `userinfo` VALUES ('14', '5.png', '美少女不是战士', '美少女不是战士', '123', '12@qq.com', null, null, '大队长');
INSERT INTO `userinfo` VALUES ('15', 'feiren.png', '郑纯华 ', '琴心剑魄今何在', '123', '13@qq.com', null, null, '外星人');
INSERT INTO `userinfo` VALUES ('16', 'duizhang.jpg', '马超越 ', '马同学', '123', '14@qq.com', null, null, '外星人');
INSERT INTO `userinfo` VALUES ('17', '3.png', '！！_161828', '！！_161828', '123', '15@qq.com', null, null, '全职主妇');
INSERT INTO `userinfo` VALUES ('18', '2.png', 'GOhil', 'GOhil', '123', '16@qq.com', null, null, '挂牌师');
INSERT INTO `userinfo` VALUES ('19', '2.png', '核桃妈', '核桃妈', '123', '17@qq.com', null, null, '游戏美术设计');
INSERT INTO `userinfo` VALUES ('20', '2.png', 'Mumble待煮', 'Mumble待煮', '123', '18@qq.com', null, null, '大神');
INSERT INTO `userinfo` VALUES ('21', '4.png', 'Seven7', 'Seven7', '123', '19@qq.com', null, null, '织布工');
INSERT INTO `userinfo` VALUES ('22', 'weige.jpg', '张伟', '伟大的大伟', '123', '20@qq.com', null, null, '挑山工');
INSERT INTO `userinfo` VALUES ('23', '4.png', '亚麻匣子', '亚麻匣子', '123', '21@qq.com', null, null, '学生');
INSERT INTO `userinfo` VALUES ('24', '3.png', '山峰 ', '山峰 ', '123', '22@qq.com', null, null, '学生');
INSERT INTO `userinfo` VALUES ('25', '3.png', '生不逢时', '生不逢时', '123', '2323@qq.com', null, null, '织布工');
INSERT INTO `userinfo` VALUES ('26', '3.png', '生不逢时', '生不逢时', '123', '434@qq.com', null, null, '学生');
INSERT INTO `userinfo` VALUES ('27', '4.png', '亚麻匣子', '亚麻匣子', '123', '3424@qq.com', null, null, '挑山工');
INSERT INTO `userinfo` VALUES ('28', '3.png', '生不逢时', '生不逢时', '123', '6757@qq.com', null, null, '织布工');
INSERT INTO `userinfo` VALUES ('29', '3.png', '山峰 ', '山峰 ', '123', '22222@qq.com', null, null, '学生');
INSERT INTO `userinfo` VALUES ('30', '4.png', '亚麻匣子', '亚麻匣子', '123', '333@qq.com', null, null, '挑山工');
INSERT INTO `userinfo` VALUES ('31', '3.png', '生不逢时', '生不逢时', '123', '112@qq.com', null, null, '学生');
INSERT INTO `userinfo` VALUES ('32', '3.png', '山峰 ', '山峰 ', '123', '122@qq.com', null, null, '织布工');
INSERT INTO `userinfo` VALUES ('33', '3.png', '生不逢时', '生不逢时', '123', '111@qq.com', null, null, '学生');
INSERT INTO `userinfo` VALUES ('34', '4.png', '亚麻匣子', '亚麻匣子', '123', '3333333@qq.com', null, null, '挑山工');
INSERT INTO `userinfo` VALUES ('35', '3.png', '生不逢时', '生不逢时', '123', '454353@qq.com', null, null, '织布工');
INSERT INTO `userinfo` VALUES ('36', '3.png', '山峰 ', '山峰 ', '123', '8987@qq.com', null, null, '学生');
INSERT INTO `userinfo` VALUES ('37', '4.png', '亚麻匣子', '亚麻匣子', '123', '4wrwr@qq.com', null, null, '织布工');
INSERT INTO `userinfo` VALUES ('38', '3.png', '生不逢时', '生不逢时', '123', 'geg@qq.com', null, null, '学生');
INSERT INTO `userinfo` VALUES ('39', '4.png', '亚麻匣子', '亚麻匣子', '123', 'egeg@qq.com', null, null, '挑山工');
INSERT INTO `userinfo` VALUES ('40', '3.png', '生不逢时', '生不逢时', '123', '23dgd@qq.com', null, null, '挑山工');
INSERT INTO `userinfo` VALUES ('41', '3.png', '山峰 ', '山峰 ', '123', 'dgd2424@qq.com', null, null, '学生');
INSERT INTO `userinfo` VALUES ('42', '3.png', '山峰 ', '山峰 ', '123', 'sfsf2424@qq.com', null, null, '织布工');
INSERT INTO `userinfo` VALUES ('43', '3.png', '生不逢时', '生不逢时', '123', 'sfsfs242@qq.com', null, null, '挑山工');
INSERT INTO `userinfo` VALUES ('44', '4.png', '亚麻匣子', '亚麻匣子', '123', 'jkjkfsf@qq.com', null, null, '织布工');
INSERT INTO `userinfo` VALUES ('45', '3.png', '山峰 ', '山峰 ', '123', 'sf35353@qq.com', null, null, '学生');
INSERT INTO `userinfo` VALUES ('46', '4.png', '亚麻匣子', '亚麻匣子', '123', '4sf242@qq.com', null, null, '织布工');
INSERT INTO `userinfo` VALUES ('47', '3.png', '生不逢时', '生不逢时', '123', 'aas35435@qq.com', null, null, '学生');
INSERT INTO `userinfo` VALUES ('48', '4.png', '亚麻匣子', '亚麻匣子', '123', 'jgdswr242@qq.com', null, null, '挑山工');
INSERT INTO `userinfo` VALUES ('49', '3.png', '生不逢时', '生不逢时', '123', 'sfsf242vd@qq.com', null, null, '大神');
INSERT INTO `userinfo` VALUES ('50', '3.png', '山峰 ', '山峰 ', '123', '4sfhjhjt2424@qq.com', null, null, '学生');
INSERT INTO `userinfo` VALUES ('51', 'yangyang.png', '吴永洋 ', '永远有多远', '123', '11111111@qq.com', null, null, '大神');
INSERT INTO `userinfo` VALUES ('52', '1.jpg', '', '待着', 'a111111', '11111@aa.com', null, '2016-09-29', null);
INSERT INTO `userinfo` VALUES ('53', '1.jpg', '', 'machaoyue', 'a222222', '22222@aa.com', null, '2016-09-29', null);
